outlet_id,total_images,file_name,rank,suspicion_score,modified_zscore,flagged,reason
outlet_003a29a9,8,image_0001.jpg,1,0.8015,3.896,True,"Low similarity to the outlet's other 7 photos (multi-region anomaly score 3.9, beyond the folder's normal range)."
outlet_003a29a9,8,image_0008.jpg,2,0.5524,2.711,True,"Low similarity to the outlet's other 7 photos (multi-region anomaly score 2.7, beyond the folder's normal range)."
outlet_003a29a9,8,image_0005.jpg,3,0.0998,0.3,False,
outlet_003a29a9,8,image_0007.jpg,4,0.0908,0.196,False,
outlet_003a29a9,8,image_0004.jpg,5,0.0632,-0.196,False,
outlet_003a29a9,8,image_0003.jpg,6,0.048,-0.488,False,
outlet_003a29a9,8,image_0006.jpg,7,0.0335,-0.861,False,
outlet_003a29a9,8,image_0002.jpg,8,0.0267,-1.098,False,
outlet_004449c0,10,image_0002.jpg,1,0.6328,3.044,True,"Low similarity to the outlet's other 9 photos (multi-region anomaly score 3.0, beyond the folder's normal range)."
outlet_004449c0,10,image_0004.jpg,2,0.5407,2.663,True,"Low similarity to the outlet's other 9 photos (multi-region anomaly score 2.7, beyond the folder's normal range)."
outlet_004449c0,10,image_0003.jpg,3,0.4079,2.128,False,
outlet_004449c0,10,image_0005.jpg,4,0.1166,0.475,False,
outlet_004449c0,10,image_0001.jpg,5,0.0943,0.238,False,
outlet_004449c0,10,image_0010.jpg,6,0.0608,-0.238,False,
outlet_004449c0,10,image_0008.jpg,7,0.06,-0.251,False,
outlet_004449c0,10,image_0006.jpg,8,0.0498,-0.448,False,
outlet_004449c0,10,image_0007.jpg,9,0.0331,-0.874,False,
outlet_004449c0,10,image_0009.jpg,10,0.0208,-1.35,False,
outlet_01e0d230,17,image_0009.jpg,1,0.5702,2.782,True,"Low similarity to the outlet's other 16 photos (multi-region anomaly score 2.8, beyond the folder's normal range)."
outlet_01e0d230,17,image_0017.jpg,2,0.3506,1.884,False,
outlet_01e0d230,17,image_0003.jpg,3,0.3004,1.655,False,
outlet_01e0d230,17,image_0005.jpg,4,0.2909,1.609,False,
outlet_01e0d230,17,image_0010.jpg,5,0.1909,1.056,False,
outlet_01e0d230,17,image_0007.jpg,6,0.1387,0.674,False,
outlet_01e0d230,17,image_0008.jpg,7,0.1082,0.39,False,
outlet_01e0d230,17,image_0016.jpg,8,0.0923,0.214,False,
outlet_01e0d230,17,image_0013.jpg,9,0.0759,0.0,False,
outlet_01e0d230,17,image_0015.jpg,10,0.0667,-0.139,False,
outlet_01e0d230,17,image_0002.jpg,11,0.0666,-0.14,False,
outlet_01e0d230,17,image_0014.jpg,12,0.0419,-0.63,False,
outlet_01e0d230,17,image_0012.jpg,13,0.0415,-0.64,False,
outlet_01e0d230,17,image_0001.jpg,14,0.0401,-0.674,False,
outlet_01e0d230,17,image_0011.jpg,15,0.0386,-0.715,False,
outlet_01e0d230,17,image_0004.jpg,16,0.0379,-0.736,False,
outlet_01e0d230,17,image_0006.jpg,17,0.0321,-0.907,False,
outlet_0280ccb5,32,image_0031.jpg,1,0.728,3.484,True,"Low similarity to the outlet's other 31 photos (multi-region anomaly score 3.5, beyond the folder's normal range)."
outlet_0280ccb5,32,image_0032.jpg,2,0.728,3.484,True,"Low similarity to the outlet's other 31 photos (multi-region anomaly score 3.5, beyond the folder's normal range)."
outlet_0280ccb5,32,image_0002.jpg,3,0.6708,3.212,True,"Low similarity to the outlet's other 31 photos (multi-region anomaly score 3.2, beyond the folder's normal range)."
outlet_0280ccb5,32,image_0027.jpg,4,0.5205,2.582,True,"Low similarity to the outlet's other 31 photos (multi-region anomaly score 2.6, beyond the folder's normal range)."
outlet_0280ccb5,32,image_0009.jpg,5,0.5009,2.504,True,"Low similarity to the outlet's other 31 photos (multi-region anomaly score 2.5, beyond the folder's normal range)."
outlet_0280ccb5,32,image_0016.jpg,6,0.4937,2.475,False,
outlet_0280ccb5,32,image_0015.jpg,7,0.4922,2.469,False,
outlet_0280ccb5,32,image_0008.jpg,8,0.4134,2.15,False,
outlet_0280ccb5,32,image_0012.jpg,9,0.3284,1.785,False,
outlet_0280ccb5,32,image_0010.jpg,10,0.2008,1.119,False,
outlet_0280ccb5,32,image_0011.jpg,11,0.2008,1.119,False,
outlet_0280ccb5,32,image_0006.jpg,12,0.1267,0.569,False,
outlet_0280ccb5,32,image_0005.jpg,13,0.1225,0.531,False,
outlet_0280ccb5,32,image_0023.jpg,14,0.109,0.399,False,
outlet_0280ccb5,32,image_0025.jpg,15,0.1034,0.339,False,
outlet_0280ccb5,32,image_0013.jpg,16,0.0826,0.092,False,
outlet_0280ccb5,32,image_0024.jpg,17,0.0697,-0.092,False,
outlet_0280ccb5,32,image_0004.jpg,18,0.069,-0.102,False,
outlet_0280ccb5,32,image_0007.jpg,19,0.0678,-0.12,False,
outlet_0280ccb5,32,image_0026.jpg,20,0.0619,-0.218,False,
outlet_0280ccb5,32,image_0001.jpg,21,0.0585,-0.279,False,
outlet_0280ccb5,32,image_0014.jpg,22,0.0548,-0.347,False,
outlet_0280ccb5,32,image_0021.jpg,23,0.0487,-0.473,False,
outlet_0280ccb5,32,image_0003.jpg,24,0.0439,-0.581,False,
outlet_0280ccb5,32,image_0028.jpg,25,0.0438,-0.584,False,
outlet_0280ccb5,32,image_0030.jpg,26,0.0436,-0.589,False,
outlet_0280ccb5,32,image_0029.jpg,27,0.0436,-0.589,False,
outlet_0280ccb5,32,image_0020.jpg,28,0.037,-0.76,False,
outlet_0280ccb5,32,image_0022.jpg,29,0.0244,-1.187,False,
outlet_0280ccb5,32,image_0017.jpg,30,0.0195,-1.418,False,
outlet_0280ccb5,32,image_0019.jpg,31,0.0176,-1.523,False,
outlet_0280ccb5,32,image_0018.jpg,32,0.0152,-1.67,False,
outlet_04473281,13,image_0002_1.jpg,1,0.9996,10.251,True,"Low similarity to the outlet's other 12 photos (multi-region anomaly score 10.3, beyond the folder's normal range)."
outlet_04473281,13,image_0001_1.jpg,2,0.9984,8.936,True,"Low similarity to the outlet's other 12 photos (multi-region anomaly score 8.9, beyond the folder's normal range)."
outlet_04473281,13,image_0007.jpg,3,0.8767,4.461,True,"Low similarity to the outlet's other 12 photos (multi-region anomaly score 4.5, beyond the folder's normal range)."
outlet_04473281,13,image_0008.jpg,4,0.1388,0.674,False,
outlet_04473281,13,image_0009.jpg,5,0.1103,0.412,False,
outlet_04473281,13,image_0011.jpg,6,0.1069,0.378,False,
outlet_04473281,13,image_0005.jpg,7,0.0759,0.0,False,
outlet_04473281,13,image_0006.jpg,8,0.0521,-0.402,False,
outlet_04473281,13,image_0010.jpg,9,0.0517,-0.409,False,
outlet_04473281,13,image_0003.jpg,10,0.0423,-0.619,False,
outlet_04473281,13,image_0001.jpg,11,0.031,-0.941,False,
outlet_04473281,13,image_0004.jpg,12,0.0299,-0.978,False,
outlet_04473281,13,image_0002.jpg,13,0.0086,-2.244,False,
outlet_045f93b1,17,image_0003.jpg,1,0.9969,8.283,True,"Low similarity to the outlet's other 16 photos (multi-region anomaly score 8.3, beyond the folder's normal range)."
outlet_045f93b1,17,image_0002_1.jpg,2,0.9957,7.952,True,"Low similarity to the outlet's other 16 photos (multi-region anomaly score 8.0, beyond the folder's normal range)."
outlet_045f93b1,17,image_0001_1.jpg,3,0.9116,4.834,True,"Low similarity to the outlet's other 16 photos (multi-region anomaly score 4.8, beyond the folder's normal range)."
outlet_045f93b1,17,image_0013.jpg,4,0.4983,2.493,False,
outlet_045f93b1,17,image_0011.jpg,5,0.2064,1.153,False,
outlet_045f93b1,17,image_0002.jpg,6,0.1878,1.035,False,
outlet_045f93b1,17,image_0007.jpg,7,0.171,0.921,False,
outlet_045f93b1,17,image_0001.jpg,8,0.1235,0.54,False,
outlet_045f93b1,17,image_0005.jpg,9,0.0759,0.0,False,
outlet_045f93b1,17,image_0008.jpg,10,0.0645,-0.175,False,
outlet_045f93b1,17,image_0015.jpg,11,0.0621,-0.214,False,
outlet_045f93b1,17,image_0004.jpg,12,0.0608,-0.237,False,
outlet_045f93b1,17,image_0012.jpg,13,0.0507,-0.43,False,
outlet_045f93b1,17,image_0009.jpg,14,0.0474,-0.5,False,
outlet_045f93b1,17,image_0014.jpg,15,0.0458,-0.536,False,
outlet_045f93b1,17,image_0006.jpg,16,0.0401,-0.674,False,
outlet_045f93b1,17,image_0010.jpg,17,0.0293,-1.002,False,
outlet_055c59bd,9,image_0003.jpg,1,0.2764,1.537,False,
outlet_055c59bd,9,image_0001.jpg,2,0.2057,1.149,False,
outlet_055c59bd,9,image_0002.jpg,3,0.1417,0.698,False,
outlet_055c59bd,9,image_0009.jpg,4,0.1105,0.414,False,
outlet_055c59bd,9,image_0008.jpg,5,0.0759,0.0,False,
outlet_055c59bd,9,image_0006.jpg,6,0.052,-0.404,False,
outlet_055c59bd,9,image_0007.jpg,7,0.046,-0.532,False,
outlet_055c59bd,9,image_0004.jpg,8,0.0401,-0.674,False,
outlet_055c59bd,9,image_0005.jpg,9,0.0286,-1.024,False,
outlet_083cd34a,9,image_0008.jpg,1,0.2652,1.481,False,
outlet_083cd34a,9,image_0009.jpg,2,0.2061,1.152,False,
outlet_083cd34a,9,image_0001.jpg,3,0.1975,1.098,False,
outlet_083cd34a,9,image_0003.jpg,4,0.1749,0.949,False,
outlet_083cd34a,9,image_0002.jpg,5,0.0759,0.0,False,
outlet_083cd34a,9,image_0006.jpg,6,0.0568,-0.31,False,
outlet_083cd34a,9,image_0007.jpg,7,0.0556,-0.332,False,
outlet_083cd34a,9,image_0005.jpg,8,0.0432,-0.598,False,
outlet_083cd34a,9,image_0004.jpg,9,0.0401,-0.674,False,
outlet_08e8ac70,15,image_0007.jpg,1,0.886,4.551,True,"Low similarity to the outlet's other 14 photos (multi-region anomaly score 4.6, beyond the folder's normal range)."
outlet_08e8ac70,15,image_0006.jpg,2,0.2817,1.564,False,
outlet_08e8ac70,15,image_0004.jpg,3,0.2112,1.182,False,
outlet_08e8ac70,15,image_0002.jpg,4,0.1885,1.04,False,
outlet_08e8ac70,15,image_0015.jpg,5,0.1611,0.85,False,
outlet_08e8ac70,15,image_0012.jpg,6,0.1293,0.593,False,
outlet_08e8ac70,15,image_0003.jpg,7,0.1024,0.329,False,
outlet_08e8ac70,15,image_0011.jpg,8,0.0759,0.0,False,
outlet_08e8ac70,15,image_0010.jpg,9,0.0724,-0.051,False,
outlet_08e8ac70,15,image_0013.jpg,10,0.0656,-0.156,False,
outlet_08e8ac70,15,image_0008.jpg,11,0.0574,-0.299,False,
outlet_08e8ac70,15,image_0005.jpg,12,0.043,-0.602,False,
outlet_08e8ac70,15,image_0001.jpg,13,0.0401,-0.674,False,
outlet_08e8ac70,15,image_0014.jpg,14,0.0276,-1.064,False,
outlet_08e8ac70,15,image_0009.jpg,15,0.0146,-1.71,False,
outlet_0a2befe6,13,image_0003.jpg,1,0.8635,4.345,True,"Low similarity to the outlet's other 12 photos (multi-region anomaly score 4.3, beyond the folder's normal range)."
outlet_0a2befe6,13,image_0009.jpg,2,0.5049,2.52,True,"Low similarity to the outlet's other 12 photos (multi-region anomaly score 2.5, beyond the folder's normal range)."
outlet_0a2befe6,13,image_0007.jpg,3,0.2642,1.476,False,
outlet_0a2befe6,13,image_0002.jpg,4,0.2476,1.389,False,
outlet_0a2befe6,13,image_0008.jpg,5,0.2149,1.204,False,
outlet_0a2befe6,13,image_0001.jpg,6,0.079,0.044,False,
outlet_0a2befe6,13,image_0005.jpg,7,0.0759,0.0,False,
outlet_0a2befe6,13,image_0006.jpg,8,0.0746,-0.018,False,
outlet_0a2befe6,13,image_0012.jpg,9,0.0699,-0.088,False,
outlet_0a2befe6,13,image_0004.jpg,10,0.0685,-0.11,False,
outlet_0a2befe6,13,image_0011.jpg,11,0.0426,-0.612,False,
outlet_0a2befe6,13,image_0010.jpg,12,0.0401,-0.674,False,
outlet_0a2befe6,13,image_0013.jpg,13,0.0337,-0.856,False,
outlet_0af952cd,12,image_0008.jpg,1,0.967,5.877,True,"Low similarity to the outlet's other 11 photos (multi-region anomaly score 5.9, beyond the folder's normal range)."
outlet_0af952cd,12,image_0003.jpg,2,0.9354,5.173,True,"Low similarity to the outlet's other 11 photos (multi-region anomaly score 5.2, beyond the folder's normal range)."
outlet_0af952cd,12,image_0009.jpg,3,0.9145,4.87,True,"Low similarity to the outlet's other 11 photos (multi-region anomaly score 4.9, beyond the folder's normal range)."
outlet_0af952cd,12,image_0002.jpg,4,0.2124,1.19,False,
outlet_0af952cd,12,image_0011.jpg,5,0.149,0.757,False,
outlet_0af952cd,12,image_0004.jpg,6,0.0826,0.093,False,
outlet_0af952cd,12,image_0005.jpg,7,0.0696,-0.093,False,
outlet_0af952cd,12,image_0010.jpg,8,0.0607,-0.239,False,
outlet_0af952cd,12,image_0012.jpg,9,0.0493,-0.459,False,
outlet_0af952cd,12,image_0007.jpg,10,0.0457,-0.54,False,
outlet_0af952cd,12,image_0006.jpg,11,0.0435,-0.592,False,
outlet_0af952cd,12,image_0001.jpg,12,0.0364,-0.777,False,
outlet_0c0e85b4,11,image_0001.jpg,1,0.986,6.751,True,"Low similarity to the outlet's other 10 photos (multi-region anomaly score 6.8, beyond the folder's normal range)."
outlet_0c0e85b4,11,image_0002.jpg,2,0.7567,3.634,True,"Low similarity to the outlet's other 10 photos (multi-region anomaly score 3.6, beyond the folder's normal range)."
outlet_0c0e85b4,11,image_0008.jpg,3,0.5342,2.637,True,"Low similarity to the outlet's other 10 photos (multi-region anomaly score 2.6, beyond the folder's normal range)."
outlet_0c0e85b4,11,image_0003.jpg,4,0.1388,0.674,False,
outlet_0c0e85b4,11,image_0009.jpg,5,0.0781,0.032,False,
outlet_0c0e85b4,11,image_0010.jpg,6,0.0759,0.0,False,
outlet_0c0e85b4,11,image_0007.jpg,7,0.0651,-0.165,False,
outlet_0c0e85b4,11,image_0006.jpg,8,0.0562,-0.321,False,
outlet_0c0e85b4,11,image_0004.jpg,9,0.048,-0.488,False,
outlet_0c0e85b4,11,image_0005.jpg,10,0.0365,-0.773,False,
outlet_0c0e85b4,11,image_0011.jpg,11,0.031,-0.942,False,
outlet_108e6eab,21,image_0019.jpg,1,0.8822,4.513,True,"Low similarity to the outlet's other 20 photos (multi-region anomaly score 4.5, beyond the folder's normal range)."
outlet_108e6eab,21,image_0016.jpg,2,0.686,3.281,True,"Low similarity to the outlet's other 20 photos (multi-region anomaly score 3.3, beyond the folder's normal range)."
outlet_108e6eab,21,image_0017.jpg,3,0.3424,1.847,False,
outlet_108e6eab,21,image_0006.jpg,4,0.2238,1.256,False,
outlet_108e6eab,21,image_0018.jpg,5,0.1855,1.02,False,
outlet_108e6eab,21,image_0021.jpg,6,0.1319,0.616,False,
outlet_108e6eab,21,image_0003.jpg,7,0.1172,0.48,False,
outlet_108e6eab,21,image_0011.jpg,8,0.0896,0.181,False,
outlet_108e6eab,21,image_0005.jpg,9,0.081,0.071,False,
outlet_108e6eab,21,image_0020.jpg,10,0.0763,0.007,False,
outlet_108e6eab,21,image_0002.jpg,11,0.0759,0.0,False,
outlet_108e6eab,21,image_0013.jpg,12,0.0717,-0.062,False,
outlet_108e6eab,21,image_0001.jpg,13,0.0648,-0.169,False,
outlet_108e6eab,21,image_0009.jpg,14,0.0612,-0.23,False,
outlet_108e6eab,21,image_0004.jpg,15,0.0557,-0.331,False,
outlet_108e6eab,21,image_0010.jpg,16,0.0401,-0.674,False,
outlet_108e6eab,21,image_0008.jpg,17,0.0382,-0.727,False,
outlet_108e6eab,21,image_0015.jpg,18,0.0364,-0.776,False,
outlet_108e6eab,21,image_0012.jpg,19,0.0341,-0.845,False,
outlet_108e6eab,21,image_0007.jpg,20,0.0304,-0.962,False,
outlet_108e6eab,21,image_0014.jpg,21,0.0293,-0.999,False,
outlet_10c7ca00,17,image_0005.jpg,1,0.9203,4.947,True,"Low similarity to the outlet's other 16 photos (multi-region anomaly score 4.9, beyond the folder's normal range)."
outlet_10c7ca00,17,image_0013.jpg,2,0.7719,3.719,True,"Low similarity to the outlet's other 16 photos (multi-region anomaly score 3.7, beyond the folder's normal range)."
outlet_10c7ca00,17,image_0014.jpg,3,0.2831,1.571,False,
outlet_10c7ca00,17,image_0017.jpg,4,0.2667,1.488,False,
outlet_10c7ca00,17,image_0004.jpg,5,0.1692,0.909,False,
outlet_10c7ca00,17,image_0015.jpg,6,0.0998,0.3,False,
outlet_10c7ca00,17,image_0011.jpg,7,0.0991,0.293,False,
outlet_10c7ca00,17,image_0008.jpg,8,0.0973,0.272,False,
outlet_10c7ca00,17,image_0009.jpg,9,0.0759,0.0,False,
outlet_10c7ca00,17,image_0016.jpg,10,0.0743,-0.022,False,
outlet_10c7ca00,17,image_0006.jpg,11,0.0543,-0.358,False,
outlet_10c7ca00,17,image_0012.jpg,12,0.0537,-0.369,False,
outlet_10c7ca00,17,image_0007.jpg,13,0.0466,-0.517,False,
outlet_10c7ca00,17,image_0002.jpg,14,0.0401,-0.674,False,
outlet_10c7ca00,17,image_0010.jpg,15,0.0314,-0.931,False,
outlet_10c7ca00,17,image_0001.jpg,16,0.0302,-0.968,False,
outlet_10c7ca00,17,image_0003.jpg,17,0.0281,-1.042,False,
outlet_11da187e,5,image_0003.jpg,1,0.1608,0.848,False,
outlet_11da187e,5,image_0001_1.jpg,2,0.0932,0.225,False,
outlet_11da187e,5,image_0002_1.jpg,3,0.0759,0.0,False,
outlet_11da187e,5,image_0001.jpg,4,0.0401,-0.674,False,
outlet_11da187e,5,image_0002.jpg,5,0.0165,-1.586,False,
outlet_146ab59b,26,image_0022.jpg,1,0.3613,1.93,False,
outlet_146ab59b,26,image_0021.jpg,2,0.2873,1.592,False,
outlet_146ab59b,26,image_0025.jpg,3,0.1669,0.892,False,
outlet_146ab59b,26,image_0016.jpg,4,0.1504,0.768,False,
outlet_146ab59b,26,image_0019.jpg,5,0.143,0.709,False,
outlet_146ab59b,26,image_0003.jpg,6,0.1403,0.687,False,
outlet_146ab59b,26,image_0014.jpg,7,0.1091,0.4,False,
outlet_146ab59b,26,image_0023.jpg,8,0.1042,0.349,False,
outlet_146ab59b,26,image_0020.jpg,9,0.102,0.325,False,
outlet_146ab59b,26,image_0018.jpg,10,0.0885,0.168,False,
outlet_146ab59b,26,image_0001.jpg,11,0.0803,0.061,False,
outlet_146ab59b,26,image_0017.jpg,12,0.0789,0.043,False,
outlet_146ab59b,26,image_0026.jpg,13,0.0767,0.012,False,
outlet_146ab59b,26,image_0012.jpg,14,0.075,-0.012,False,
outlet_146ab59b,26,image_0002.jpg,15,0.0713,-0.067,False,
outlet_146ab59b,26,image_0015.jpg,16,0.0559,-0.327,False,
outlet_146ab59b,26,image_0004.jpg,17,0.0495,-0.455,False,
outlet_146ab59b,26,image_0024.jpg,18,0.0467,-0.517,False,
outlet_146ab59b,26,image_0006.jpg,19,0.0406,-0.662,False,
outlet_146ab59b,26,image_0013.jpg,20,0.0367,-0.767,False,
outlet_146ab59b,26,image_0008.jpg,21,0.0365,-0.772,False,
outlet_146ab59b,26,image_0007.jpg,22,0.0365,-0.772,False,
outlet_146ab59b,26,image_0009.jpg,23,0.0365,-0.772,False,
outlet_146ab59b,26,image_0010.jpg,24,0.0365,-0.772,False,
outlet_146ab59b,26,image_0011.jpg,25,0.0343,-0.838,False,
outlet_146ab59b,26,image_0005.jpg,26,0.0321,-0.905,False,
outlet_16412021,5,image_0004.jpg,1,0.871,4.41,True,"Low similarity to the outlet's other 4 photos (multi-region anomaly score 4.4, beyond the folder's normal range)."
outlet_16412021,5,image_0005.jpg,2,0.6333,3.046,True,"Low similarity to the outlet's other 4 photos (multi-region anomaly score 3.0, beyond the folder's normal range)."
outlet_16412021,5,image_0003.jpg,3,0.0759,0.0,False,
outlet_16412021,5,image_0001.jpg,4,0.0472,-0.504,False,
outlet_16412021,5,image_0002.jpg,5,0.0401,-0.674,False,
outlet_176ee853,14,image_0009.jpg,1,0.5993,2.902,True,"Low similarity to the outlet's other 13 photos (multi-region anomaly score 2.9, beyond the folder's normal range)."
outlet_176ee853,14,image_0011.jpg,2,0.4456,2.281,False,
outlet_176ee853,14,image_0006.jpg,3,0.2932,1.62,False,
outlet_176ee853,14,image_0014.jpg,4,0.2314,1.3,False,
outlet_176ee853,14,image_0013.jpg,5,0.2314,1.3,False,
outlet_176ee853,14,image_0008.jpg,6,0.1527,0.786,False,
outlet_176ee853,14,image_0002.jpg,7,0.0814,0.076,False,
outlet_176ee853,14,image_0010.jpg,8,0.0707,-0.076,False,
outlet_176ee853,14,image_0007.jpg,9,0.055,-0.345,False,
outlet_176ee853,14,image_0012.jpg,10,0.0508,-0.427,False,
outlet_176ee853,14,image_0004.jpg,11,0.046,-0.531,False,
outlet_176ee853,14,image_0005.jpg,12,0.0451,-0.553,False,
outlet_176ee853,14,image_0003.jpg,13,0.0421,-0.625,False,
outlet_176ee853,14,image_0001.jpg,14,0.0383,-0.724,False,
outlet_1a444d86,27,image_0004_1.jpg,1,0.982,6.498,True,"Low similarity to the outlet's other 26 photos (multi-region anomaly score 6.5, beyond the folder's normal range)."
outlet_1a444d86,27,image_0001_1.jpg,2,0.9636,5.775,True,"Low similarity to the outlet's other 26 photos (multi-region anomaly score 5.8, beyond the folder's normal range)."
outlet_1a444d86,27,image_0003_1.jpg,3,0.9351,5.167,True,"Low similarity to the outlet's other 26 photos (multi-region anomaly score 5.2, beyond the folder's normal range)."
outlet_1a444d86,27,image_0005.jpg,4,0.7311,3.5,True,"Low similarity to the outlet's other 26 photos (multi-region anomaly score 3.5, beyond the folder's normal range)."
outlet_1a444d86,27,image_0002_1.jpg,5,0.7151,3.42,True,"Low similarity to the outlet's other 26 photos (multi-region anomaly score 3.4, beyond the folder's normal range)."
outlet_1a444d86,27,image_0013.jpg,6,0.4307,2.221,False,
outlet_1a444d86,27,image_0020.jpg,7,0.2028,1.131,False,
outlet_1a444d86,27,image_0007.jpg,8,0.153,0.789,False,
outlet_1a444d86,27,image_0016.jpg,9,0.1133,0.443,False,
outlet_1a444d86,27,image_0018.jpg,10,0.1011,0.315,False,
outlet_1a444d86,27,image_0017.jpg,11,0.0929,0.222,False,
outlet_1a444d86,27,image_0019.jpg,12,0.0872,0.152,False,
outlet_1a444d86,27,image_0001.jpg,13,0.0862,0.139,False,
outlet_1a444d86,27,image_0015.jpg,14,0.0759,0.0,False,
outlet_1a444d86,27,image_0004.jpg,15,0.0624,-0.21,False,
outlet_1a444d86,27,image_0014.jpg,16,0.06,-0.252,False,
outlet_1a444d86,27,image_0021.jpg,17,0.0599,-0.253,False,
outlet_1a444d86,27,image_0011.jpg,18,0.0505,-0.433,False,
outlet_1a444d86,27,image_0003.jpg,19,0.0505,-0.435,False,
outlet_1a444d86,27,image_0006.jpg,20,0.0497,-0.45,False,
outlet_1a444d86,27,image_0008.jpg,21,0.0457,-0.539,False,
outlet_1a444d86,27,image_0023.jpg,22,0.0401,-0.674,False,
outlet_1a444d86,27,image_0002.jpg,23,0.0374,-0.747,False,
outlet_1a444d86,27,image_0009.jpg,24,0.0325,-0.895,False,
outlet_1a444d86,27,image_0010.jpg,25,0.0287,-1.021,False,
outlet_1a444d86,27,image_0012.jpg,26,0.0279,-1.051,False,
outlet_1a444d86,27,image_0022.jpg,27,0.0243,-1.191,False,
outlet_1a4910c8,29,image_0019.jpg,1,0.9774,6.269,True,"Low similarity to the outlet's other 28 photos (multi-region anomaly score 6.3, beyond the folder's normal range)."
outlet_1a4910c8,29,image_0028.jpg,2,0.972,6.046,True,"Low similarity to the outlet's other 28 photos (multi-region anomaly score 6.0, beyond the folder's normal range)."
outlet_1a4910c8,29,image_0029.jpg,3,0.972,6.046,True,"Low similarity to the outlet's other 28 photos (multi-region anomaly score 6.0, beyond the folder's normal range)."
outlet_1a4910c8,29,image_0024.jpg,4,0.9592,5.657,True,"Low similarity to the outlet's other 28 photos (multi-region anomaly score 5.7, beyond the folder's normal range)."
outlet_1a4910c8,29,image_0011.jpg,5,0.9489,5.421,True,"Low similarity to the outlet's other 28 photos (multi-region anomaly score 5.4, beyond the folder's normal range)."
outlet_1a4910c8,29,image_0012.jpg,6,0.9267,5.038,True,"Low similarity to the outlet's other 28 photos (multi-region anomaly score 5.0, beyond the folder's normal range)."
outlet_1a4910c8,29,image_0022.jpg,7,0.9264,5.033,True,"Low similarity to the outlet's other 28 photos (multi-region anomaly score 5.0, beyond the folder's normal range)."
outlet_1a4910c8,29,image_0003.jpg,8,0.3431,1.85,False,
outlet_1a4910c8,29,image_0027.jpg,9,0.1638,0.87,False,
outlet_1a4910c8,29,image_0007.jpg,10,0.1582,0.828,False,
outlet_1a4910c8,29,image_0001.jpg,11,0.1439,0.717,False,
outlet_1a4910c8,29,image_0016.jpg,12,0.1313,0.61,False,
outlet_1a4910c8,29,image_0013.jpg,13,0.0881,0.163,False,
outlet_1a4910c8,29,image_0002.jpg,14,0.0809,0.07,False,
outlet_1a4910c8,29,image_0026.jpg,15,0.0759,0.0,False,
outlet_1a4910c8,29,image_0021.jpg,16,0.0735,-0.034,False,
outlet_1a4910c8,29,image_0004.jpg,17,0.0729,-0.044,False,
outlet_1a4910c8,29,image_0020.jpg,18,0.0623,-0.212,False,
outlet_1a4910c8,29,image_0017.jpg,19,0.0591,-0.268,False,
outlet_1a4910c8,29,image_0025.jpg,20,0.0585,-0.279,False,
outlet_1a4910c8,29,image_0005.jpg,21,0.0545,-0.353,False,
outlet_1a4910c8,29,image_0006.jpg,22,0.0545,-0.353,False,
outlet_1a4910c8,29,image_0008.jpg,23,0.0543,-0.357,False,
outlet_1a4910c8,29,image_0023.jpg,24,0.0535,-0.373,False,
outlet_1a4910c8,29,image_0018.jpg,25,0.0488,-0.469,False,
outlet_1a4910c8,29,image_0014.jpg,26,0.0401,-0.674,False,
outlet_1a4910c8,29,image_0009.jpg,27,0.0381,-0.729,False,
outlet_1a4910c8,29,image_0015.jpg,28,0.0375,-0.744,False,
outlet_1a4910c8,29,image_0010.jpg,29,0.0202,-1.379,False,
outlet_1aa573b9,14,image_0003.jpg,1,0.2299,1.291,False,
outlet_1aa573b9,14,image_0007.jpg,2,0.2055,1.148,False,
outlet_1aa573b9,14,image_0014.jpg,3,0.1495,0.761,False,
outlet_1aa573b9,14,image_0011.jpg,4,0.1386,0.673,False,
outlet_1aa573b9,14,image_0002.jpg,5,0.1303,0.601,False,
outlet_1aa573b9,14,image_0010.jpg,6,0.1182,0.49,False,
outlet_1aa573b9,14,image_0012.jpg,7,0.085,0.123,False,
outlet_1aa573b9,14,image_0001.jpg,8,0.0677,-0.123,False,
outlet_1aa573b9,14,image_0006.jpg,9,0.0603,-0.246,False,
outlet_1aa573b9,14,image_0004.jpg,10,0.0583,-0.282,False,
outlet_1aa573b9,14,image_0005.jpg,11,0.0401,-0.676,False,
outlet_1aa573b9,14,image_0013.jpg,12,0.0391,-0.702,False,
outlet_1aa573b9,14,image_0009.jpg,13,0.0351,-0.814,False,
outlet_1aa573b9,14,image_0008.jpg,14,0.0349,-0.818,False,
outlet_1b2b051c,8,image_0001.jpg,1,0.7596,3.65,True,"Low similarity to the outlet's other 7 photos (multi-region anomaly score 3.7, beyond the folder's normal range)."
outlet_1b2b051c,8,image_0007.jpg,2,0.3559,1.907,False,
outlet_1b2b051c,8,image_0002.jpg,3,0.2345,1.317,False,
outlet_1b2b051c,8,image_0006.jpg,4,0.0979,0.279,False,
outlet_1b2b051c,8,image_0004.jpg,5,0.0585,-0.279,False,
outlet_1b2b051c,8,image_0003.jpg,6,0.0565,-0.315,False,
outlet_1b2b051c,8,image_0008.jpg,7,0.0538,-0.367,False,
outlet_1b2b051c,8,image_0005.jpg,8,0.0298,-0.982,False,
outlet_1ce36f39,15,image_0001.jpg,1,0.6112,2.952,True,"Low similarity to the outlet's other 14 photos (multi-region anomaly score 3.0, beyond the folder's normal range)."
outlet_1ce36f39,15,image_0002.jpg,2,0.4048,2.114,False,
outlet_1ce36f39,15,image_0009.jpg,3,0.1805,0.987,False,
outlet_1ce36f39,15,image_0005.jpg,4,0.1401,0.685,False,
outlet_1ce36f39,15,image_0008.jpg,5,0.14,0.685,False,
outlet_1ce36f39,15,image_0007.jpg,6,0.0942,0.237,False,
outlet_1ce36f39,15,image_0010.jpg,7,0.0759,0.0,False,
outlet_1ce36f39,15,image_0003.jpg,8,0.0759,0.0,False,
outlet_1ce36f39,15,image_0013.jpg,9,0.0708,-0.074,False,
outlet_1ce36f39,15,image_0015.jpg,10,0.0704,-0.081,False,
outlet_1ce36f39,15,image_0012.jpg,11,0.0649,-0.168,False,
outlet_1ce36f39,15,image_0006.jpg,12,0.0503,-0.437,False,
outlet_1ce36f39,15,image_0011.jpg,13,0.0401,-0.674,False,
outlet_1ce36f39,15,image_0014.jpg,14,0.0279,-1.051,False,
outlet_1ce36f39,15,image_0004.jpg,15,0.0256,-1.14,False,
outlet_1f28f2e3,19,image_0017.jpg,1,0.4392,2.256,False,
outlet_1f28f2e3,19,image_0004.jpg,2,0.2334,1.311,False,
outlet_1f28f2e3,19,image_0008.jpg,3,0.2152,1.206,False,
outlet_1f28f2e3,19,image_0007.jpg,4,0.1727,0.933,False,
outlet_1f28f2e3,19,image_0013.jpg,5,0.1606,0.846,False,
outlet_1f28f2e3,19,image_0011.jpg,6,0.1388,0.674,False,
outlet_1f28f2e3,19,image_0002.jpg,7,0.134,0.634,False,
outlet_1f28f2e3,19,image_0005.jpg,8,0.1173,0.482,False,
outlet_1f28f2e3,19,image_0003.jpg,9,0.1006,0.309,False,
outlet_1f28f2e3,19,image_0014.jpg,10,0.0759,0.0,False,
outlet_1f28f2e3,19,image_0012.jpg,11,0.0671,-0.132,False,
outlet_1f28f2e3,19,image_0019.jpg,12,0.0637,-0.188,False,
outlet_1f28f2e3,19,image_0001.jpg,13,0.0603,-0.247,False,
outlet_1f28f2e3,19,image_0015.jpg,14,0.0481,-0.485,False,
outlet_1f28f2e3,19,image_0006.jpg,15,0.0423,-0.619,False,
outlet_1f28f2e3,19,image_0010.jpg,16,0.0362,-0.781,False,
outlet_1f28f2e3,19,image_0009.jpg,17,0.0281,-1.042,False,
outlet_1f28f2e3,19,image_0018.jpg,18,0.0252,-1.155,False,
outlet_1f28f2e3,19,image_0016.jpg,19,0.0236,-1.224,False,
outlet_256287da,7,image_0003.jpg,1,0.8734,4.432,True,"Low similarity to the outlet's other 6 photos (multi-region anomaly score 4.4, beyond the folder's normal range)."
outlet_256287da,7,image_0005.jpg,2,0.1388,0.674,False,
outlet_256287da,7,image_0001.jpg,3,0.1307,0.605,False,
outlet_256287da,7,image_0006.jpg,4,0.0759,0.0,False,
outlet_256287da,7,image_0007.jpg,5,0.0433,-0.596,False,
outlet_256287da,7,image_0002.jpg,6,0.0288,-1.018,False,
outlet_256287da,7,image_0004.jpg,7,0.0238,-1.214,False,
outlet_264cdac2,5,image_0002.jpg,1,0.9264,5.033,True,"Low similarity to the outlet's other 4 photos (multi-region anomaly score 5.0, beyond the folder's normal range)."
outlet_264cdac2,5,image_0001.jpg,2,0.9206,4.95,True,"Low similarity to the outlet's other 4 photos (multi-region anomaly score 4.9, beyond the folder's normal range)."
outlet_264cdac2,5,image_0002_1.jpg,3,0.0759,0.0,False,
outlet_264cdac2,5,image_0003.jpg,4,0.0697,-0.092,False,
outlet_264cdac2,5,image_0001_1.jpg,5,0.0401,-0.674,False,
outlet_2790dc54,8,image_0002.jpg,1,0.885,4.54,True,"Low similarity to the outlet's other 7 photos (multi-region anomaly score 4.5, beyond the folder's normal range)."
outlet_2790dc54,8,image_0003.jpg,2,0.1354,0.646,False,
outlet_2790dc54,8,image_0007.jpg,3,0.1047,0.354,False,
outlet_2790dc54,8,image_0006.jpg,4,0.0766,0.011,False,
outlet_2790dc54,8,image_0008.jpg,5,0.0751,-0.011,False,
outlet_2790dc54,8,image_0001.jpg,6,0.0391,-0.703,False,
outlet_2790dc54,8,image_0005.jpg,7,0.017,-1.558,False,
outlet_2790dc54,8,image_0004.jpg,8,0.0121,-1.9,False,
outlet_282fec27,11,image_0006.jpg,1,0.9588,5.648,True,"Low similarity to the outlet's other 10 photos (multi-region anomaly score 5.6, beyond the folder's normal range)."
outlet_282fec27,11,image_0003.jpg,2,0.5014,2.506,True,"Low similarity to the outlet's other 10 photos (multi-region anomaly score 2.5, beyond the folder's normal range)."
outlet_282fec27,11,image_0001.jpg,3,0.2589,1.448,False,
outlet_282fec27,11,image_0002.jpg,4,0.169,0.907,False,
outlet_282fec27,11,image_0011.jpg,5,0.1202,0.51,False,
outlet_282fec27,11,image_0004.jpg,6,0.0759,0.0,False,
outlet_282fec27,11,image_0007.jpg,7,0.0685,-0.111,False,
outlet_282fec27,11,image_0008.jpg,8,0.0627,-0.205,False,
outlet_282fec27,11,image_0010.jpg,9,0.0454,-0.546,False,
outlet_282fec27,11,image_0005.jpg,10,0.0401,-0.674,False,
outlet_282fec27,11,image_0009.jpg,11,0.032,-0.911,False,
outlet_288f9f47,18,image_0002_1.jpg,1,0.8898,4.589,True,"Low similarity to the outlet's other 17 photos (multi-region anomaly score 4.6, beyond the folder's normal range)."
outlet_288f9f47,18,image_0001_1.jpg,2,0.5007,2.503,True,"Low similarity to the outlet's other 17 photos (multi-region anomaly score 2.5, beyond the folder's normal range)."
outlet_288f9f47,18,image_0012.jpg,3,0.2475,1.388,False,
outlet_288f9f47,18,image_0013.jpg,4,0.2475,1.388,False,
outlet_288f9f47,18,image_0005.jpg,5,0.1363,0.653,False,
outlet_288f9f47,18,image_0015.jpg,6,0.1027,0.332,False,
outlet_288f9f47,18,image_0011.jpg,7,0.0841,0.112,False,
outlet_288f9f47,18,image_0014.jpg,8,0.0829,0.096,False,
outlet_288f9f47,18,image_0002.jpg,9,0.0802,0.06,False,
outlet_288f9f47,18,image_0003.jpg,10,0.0718,-0.06,False,
outlet_288f9f47,18,image_0001.jpg,11,0.0583,-0.282,False,
outlet_288f9f47,18,image_0016.jpg,12,0.0527,-0.389,False,
outlet_288f9f47,18,image_0007.jpg,13,0.0446,-0.565,False,
outlet_288f9f47,18,image_0010.jpg,14,0.0393,-0.696,False,
outlet_288f9f47,18,image_0004.jpg,15,0.0386,-0.715,False,
outlet_288f9f47,18,image_0009.jpg,16,0.0322,-0.903,False,
outlet_288f9f47,18,image_0006.jpg,17,0.0189,-1.448,False,
outlet_288f9f47,18,image_0008.jpg,18,0.0153,-1.663,False,
outlet_28e3acec,30,image_0001_1_1.jpg,1,0.9709,6.008,True,"Low similarity to the outlet's other 29 photos (multi-region anomaly score 6.0, beyond the folder's normal range)."
outlet_28e3acec,30,image_0002_1.jpg,2,0.8824,4.515,True,"Low similarity to the outlet's other 29 photos (multi-region anomaly score 4.5, beyond the folder's normal range)."
outlet_28e3acec,30,image_0001_1.jpg,3,0.8729,4.427,True,"Low similarity to the outlet's other 29 photos (multi-region anomaly score 4.4, beyond the folder's normal range)."
outlet_28e3acec,30,image_0002_2.jpg,4,0.5865,2.849,True,"Low similarity to the outlet's other 29 photos (multi-region anomaly score 2.8, beyond the folder's normal range)."
outlet_28e3acec,30,image_0001_2.jpg,5,0.5052,2.521,True,"Low similarity to the outlet's other 29 photos (multi-region anomaly score 2.5, beyond the folder's normal range)."
outlet_28e3acec,30,image_0002.jpg,6,0.456,2.323,False,
outlet_28e3acec,30,image_0003_1.jpg,7,0.3744,1.987,False,
outlet_28e3acec,30,image_0003.jpg,8,0.3292,1.788,False,
outlet_28e3acec,30,image_0007.jpg,9,0.1888,1.042,False,
outlet_28e3acec,30,image_0019.jpg,10,0.1546,0.801,False,
outlet_28e3acec,30,image_0020.jpg,11,0.1071,0.379,False,
outlet_28e3acec,30,image_0010.jpg,12,0.1069,0.378,False,
outlet_28e3acec,30,image_0009.jpg,13,0.0869,0.148,False,
outlet_28e3acec,30,image_0022.jpg,14,0.0826,0.093,False,
outlet_28e3acec,30,image_0001.jpg,15,0.0772,0.02,False,
outlet_28e3acec,30,image_0011.jpg,16,0.0745,-0.02,False,
outlet_28e3acec,30,image_0005.jpg,17,0.068,-0.118,False,
outlet_28e3acec,30,image_0021.jpg,18,0.0581,-0.285,False,
outlet_28e3acec,30,image_0017.jpg,19,0.0543,-0.357,False,
outlet_28e3acec,30,image_0023.jpg,20,0.0449,-0.557,False,
outlet_28e3acec,30,image_0004.jpg,21,0.0437,-0.585,False,
outlet_28e3acec,30,image_0013.jpg,22,0.0413,-0.644,False,
outlet_28e3acec,30,image_0006.jpg,23,0.041,-0.653,False,
outlet_28e3acec,30,image_0014.jpg,24,0.0407,-0.659,False,
outlet_28e3acec,30,image_0024.jpg,25,0.0406,-0.662,False,
outlet_28e3acec,30,image_0016.jpg,26,0.0397,-0.687,False,
outlet_28e3acec,30,image_0015.jpg,27,0.0365,-0.774,False,
outlet_28e3acec,30,image_0008.jpg,28,0.036,-0.789,False,
outlet_28e3acec,30,image_0018.jpg,29,0.0343,-0.836,False,
outlet_28e3acec,30,image_0012.jpg,30,0.0329,-0.88,False,
outlet_29139154,11,image_0011.jpg,1,0.8249,4.05,True,"Low similarity to the outlet's other 10 photos (multi-region anomaly score 4.1, beyond the folder's normal range)."
outlet_29139154,11,image_0004.jpg,2,0.3383,1.829,False,
outlet_29139154,11,image_0010.jpg,3,0.1388,0.674,False,
outlet_29139154,11,image_0007.jpg,4,0.103,0.335,False,
outlet_29139154,11,image_0009.jpg,5,0.0915,0.204,False,
outlet_29139154,11,image_0005.jpg,6,0.0759,0.0,False,
outlet_29139154,11,image_0002.jpg,7,0.07,-0.086,False,
outlet_29139154,11,image_0001.jpg,8,0.0552,-0.341,False,
outlet_29139154,11,image_0003.jpg,9,0.035,-0.818,False,
outlet_29139154,11,image_0008.jpg,10,0.0276,-1.061,False,
outlet_29139154,11,image_0006.jpg,11,0.0205,-1.365,False,
outlet_2df55e25,5,image_0001.jpg,1,0.2243,1.259,False,
outlet_2df55e25,5,image_0003.jpg,2,0.2087,1.167,False,
outlet_2df55e25,5,image_0005.jpg,3,0.0759,0.0,False,
outlet_2df55e25,5,image_0002.jpg,4,0.0439,-0.582,False,
outlet_2df55e25,5,image_0004.jpg,5,0.0401,-0.674,False,
outlet_2e2f0c83,14,image_0003.jpg,1,0.7828,3.782,True,"Low similarity to the outlet's other 13 photos (multi-region anomaly score 3.8, beyond the folder's normal range)."
outlet_2e2f0c83,14,image_0009.jpg,2,0.3401,1.837,False,
outlet_2e2f0c83,14,image_0005.jpg,3,0.2517,1.411,False,
outlet_2e2f0c83,14,image_0010.jpg,4,0.1618,0.855,False,
outlet_2e2f0c83,14,image_0002.jpg,5,0.0989,0.29,False,
outlet_2e2f0c83,14,image_0014.jpg,6,0.0935,0.229,False,
outlet_2e2f0c83,14,image_0004.jpg,7,0.0781,0.032,False,
outlet_2e2f0c83,14,image_0012.jpg,8,0.0737,-0.032,False,
outlet_2e2f0c83,14,image_0006.jpg,9,0.0519,-0.405,False,
outlet_2e2f0c83,14,image_0013.jpg,10,0.0458,-0.537,False,
outlet_2e2f0c83,14,image_0008.jpg,11,0.0431,-0.6,False,
outlet_2e2f0c83,14,image_0007.jpg,12,0.0374,-0.749,False,
outlet_2e2f0c83,14,image_0011.jpg,13,0.0297,-0.985,False,
outlet_2e2f0c83,14,image_0001.jpg,14,0.0194,-1.423,False,
outlet_2ed27fc4,10,image_0003.jpg,1,0.1994,1.11,False,
outlet_2ed27fc4,10,image_0001_1.jpg,2,0.1567,0.817,False,
outlet_2ed27fc4,10,image_0004_1.jpg,3,0.1382,0.67,False,
outlet_2ed27fc4,10,image_0001.jpg,4,0.095,0.246,False,
outlet_2ed27fc4,10,image_0002.jpg,5,0.0942,0.236,False,
outlet_2ed27fc4,10,image_0002_1.jpg,6,0.0609,-0.236,False,
outlet_2ed27fc4,10,image_0003_1.jpg,7,0.0566,-0.313,False,
outlet_2ed27fc4,10,image_0006.jpg,8,0.04,-0.679,False,
outlet_2ed27fc4,10,image_0005.jpg,9,0.0364,-0.775,False,
outlet_2ed27fc4,10,image_0004.jpg,10,0.0309,-0.947,False,
outlet_2fed22e2,11,image_0001.jpg,1,0.9978,8.599,True,"Low similarity to the outlet's other 10 photos (multi-region anomaly score 8.6, beyond the folder's normal range)."
outlet_2fed22e2,11,image_0011.jpg,2,0.7819,3.777,True,"Low similarity to the outlet's other 10 photos (multi-region anomaly score 3.8, beyond the folder's normal range)."
outlet_2fed22e2,11,image_0006.jpg,3,0.4628,2.351,False,
outlet_2fed22e2,11,image_0007.jpg,4,0.1777,0.968,False,
outlet_2fed22e2,11,image_0010.jpg,5,0.1198,0.506,False,
outlet_2fed22e2,11,image_0002.jpg,6,0.0759,0.0,False,
outlet_2fed22e2,11,image_0008.jpg,7,0.0601,-0.25,False,
outlet_2fed22e2,11,image_0004.jpg,8,0.0599,-0.253,False,
outlet_2fed22e2,11,image_0003.jpg,9,0.0503,-0.439,False,
outlet_2fed22e2,11,image_0009.jpg,10,0.0401,-0.674,False,
outlet_2fed22e2,11,image_0005.jpg,11,0.0035,-3.137,False,
outlet_31cc0334,14,image_0005.jpg,1,0.9714,6.025,True,"Low similarity to the outlet's other 13 photos (multi-region anomaly score 6.0, beyond the folder's normal range)."
outlet_31cc0334,14,image_0011.jpg,2,0.7697,3.707,True,"Low similarity to the outlet's other 13 photos (multi-region anomaly score 3.7, beyond the folder's normal range)."
outlet_31cc0334,14,image_0002.jpg,3,0.4693,2.377,False,
outlet_31cc0334,14,image_0003.jpg,4,0.1359,0.65,False,
outlet_31cc0334,14,image_0010.jpg,5,0.0841,0.112,False,
outlet_31cc0334,14,image_0009.jpg,6,0.082,0.085,False,
outlet_31cc0334,14,image_0008.jpg,7,0.0799,0.057,False,
outlet_31cc0334,14,image_0013.jpg,8,0.072,-0.057,False,
outlet_31cc0334,14,image_0012.jpg,9,0.0497,-0.45,False,
outlet_31cc0334,14,image_0014.jpg,10,0.0464,-0.524,False,
outlet_31cc0334,14,image_0006.jpg,11,0.0392,-0.699,False,
outlet_31cc0334,14,image_0004.jpg,12,0.0359,-0.792,False,
outlet_31cc0334,14,image_0007.jpg,13,0.0289,-1.015,False,
outlet_31cc0334,14,image_0001.jpg,14,0.0281,-1.045,False,
outlet_349bc0a8,19,image_0001_1.jpg,1,0.8994,4.69,True,"Low similarity to the outlet's other 18 photos (multi-region anomaly score 4.7, beyond the folder's normal range)."
outlet_349bc0a8,19,image_0007.jpg,2,0.8846,4.537,True,"Low similarity to the outlet's other 18 photos (multi-region anomaly score 4.5, beyond the folder's normal range)."
outlet_349bc0a8,19,image_0003_1.jpg,3,0.8435,4.185,True,"Low similarity to the outlet's other 18 photos (multi-region anomaly score 4.2, beyond the folder's normal range)."
outlet_349bc0a8,19,image_0002_1.jpg,4,0.818,4.003,True,"Low similarity to the outlet's other 18 photos (multi-region anomaly score 4.0, beyond the folder's normal range)."
outlet_349bc0a8,19,image_0006.jpg,5,0.3756,1.992,False,
outlet_349bc0a8,19,image_0001.jpg,6,0.2028,1.131,False,
outlet_349bc0a8,19,image_0016.jpg,7,0.1679,0.9,False,
outlet_349bc0a8,19,image_0004.jpg,8,0.1388,0.674,False,
outlet_349bc0a8,19,image_0003.jpg,9,0.1278,0.58,False,
outlet_349bc0a8,19,image_0008.jpg,10,0.0759,0.0,False,
outlet_349bc0a8,19,image_0002.jpg,11,0.0718,-0.06,False,
outlet_349bc0a8,19,image_0005.jpg,12,0.0661,-0.149,False,
outlet_349bc0a8,19,image_0015.jpg,13,0.0615,-0.225,False,
outlet_349bc0a8,19,image_0013.jpg,14,0.0519,-0.406,False,
outlet_349bc0a8,19,image_0014.jpg,15,0.0512,-0.419,False,
outlet_349bc0a8,19,image_0012.jpg,16,0.0503,-0.439,False,
outlet_349bc0a8,19,image_0011.jpg,17,0.0491,-0.463,False,
outlet_349bc0a8,19,image_0009.jpg,18,0.037,-0.761,False,
outlet_349bc0a8,19,image_0010.jpg,19,0.037,-0.761,False,
outlet_36017925,11,image_0011.jpg,1,0.5047,2.519,True,"Low similarity to the outlet's other 10 photos (multi-region anomaly score 2.5, beyond the folder's normal range)."
outlet_36017925,11,image_0006.jpg,2,0.2458,1.379,False,
outlet_36017925,11,image_0002.jpg,3,0.1007,0.31,False,
outlet_36017925,11,image_0001.jpg,4,0.1006,0.31,False,
outlet_36017925,11,image_0003.jpg,5,0.0813,0.075,False,
outlet_36017925,11,image_0010.jpg,6,0.0759,0.0,False,
outlet_36017925,11,image_0007.jpg,7,0.0417,-0.635,False,
outlet_36017925,11,image_0005.jpg,8,0.0401,-0.674,False,
outlet_36017925,11,image_0008.jpg,9,0.0332,-0.872,False,
outlet_36017925,11,image_0009.jpg,10,0.0297,-0.988,False,
outlet_36017925,11,image_0004.jpg,11,0.0277,-1.059,False,
outlet_36bfbfba,8,image_0001.jpg,1,0.2004,1.116,False,
outlet_36bfbfba,8,image_0002.jpg,2,0.1163,0.472,False,
outlet_36bfbfba,8,image_0004.jpg,3,0.0948,0.244,False,
outlet_36bfbfba,8,image_0006.jpg,4,0.0926,0.218,False,
outlet_36bfbfba,8,image_0005.jpg,5,0.0619,-0.218,False,
outlet_36bfbfba,8,image_0003.jpg,6,0.033,-0.877,False,
outlet_36bfbfba,8,image_0007.jpg,7,0.0195,-1.415,False,
outlet_36bfbfba,8,image_0008.jpg,8,0.0161,-1.612,False,
outlet_376cc0f6,10,image_0004.jpg,1,0.9922,7.341,True,"Low similarity to the outlet's other 9 photos (multi-region anomaly score 7.3, beyond the folder's normal range)."
outlet_376cc0f6,10,image_0003.jpg,2,0.6916,3.308,True,"Low similarity to the outlet's other 9 photos (multi-region anomaly score 3.3, beyond the folder's normal range)."
outlet_376cc0f6,10,image_0002.jpg,3,0.6597,3.162,True,"Low similarity to the outlet's other 9 photos (multi-region anomaly score 3.2, beyond the folder's normal range)."
outlet_376cc0f6,10,image_0005.jpg,4,0.1308,0.606,False,
outlet_376cc0f6,10,image_0009.jpg,5,0.0839,0.11,False,
outlet_376cc0f6,10,image_0006.jpg,6,0.0685,-0.11,False,
outlet_376cc0f6,10,image_0001.jpg,7,0.0633,-0.194,False,
outlet_376cc0f6,10,image_0010.jpg,8,0.0547,-0.35,False,
outlet_376cc0f6,10,image_0007.jpg,9,0.0376,-0.743,False,
outlet_376cc0f6,10,image_0008.jpg,10,0.0216,-1.313,False,
outlet_3bb172c5,16,image_0016.jpg,1,0.9012,4.71,True,"Low similarity to the outlet's other 15 photos (multi-region anomaly score 4.7, beyond the folder's normal range)."
outlet_3bb172c5,16,image_0001.jpg,2,0.6959,3.328,True,"Low similarity to the outlet's other 15 photos (multi-region anomaly score 3.3, beyond the folder's normal range)."
outlet_3bb172c5,16,image_0009.jpg,3,0.6856,3.28,True,"Low similarity to the outlet's other 15 photos (multi-region anomaly score 3.3, beyond the folder's normal range)."
outlet_3bb172c5,16,image_0014.jpg,4,0.563,2.753,True,"Low similarity to the outlet's other 15 photos (multi-region anomaly score 2.8, beyond the folder's normal range)."
outlet_3bb172c5,16,image_0015.jpg,5,0.4177,2.168,False,
outlet_3bb172c5,16,image_0013.jpg,6,0.1445,0.722,False,
outlet_3bb172c5,16,image_0002.jpg,7,0.1332,0.627,False,
outlet_3bb172c5,16,image_0007.jpg,8,0.0907,0.195,False,
outlet_3bb172c5,16,image_0011.jpg,9,0.0632,-0.195,False,
outlet_3bb172c5,16,image_0010.jpg,10,0.0632,-0.195,False,
outlet_3bb172c5,16,image_0005.jpg,11,0.0614,-0.227,False,
outlet_3bb172c5,16,image_0003.jpg,12,0.0596,-0.26,False,
outlet_3bb172c5,16,image_0006.jpg,13,0.0534,-0.374,False,
outlet_3bb172c5,16,image_0012.jpg,14,0.0486,-0.475,False,
outlet_3bb172c5,16,image_0008.jpg,15,0.0241,-1.201,False,
outlet_3bb172c5,16,image_0004.jpg,16,0.0204,-1.37,False,
outlet_3c954cee,6,image_0004.jpg,1,0.7393,3.542,True,"Low similarity to the outlet's other 5 photos (multi-region anomaly score 3.5, beyond the folder's normal range)."
outlet_3c954cee,6,image_0001.jpg,2,0.3567,1.91,False,
outlet_3c954cee,6,image_0006.jpg,3,0.0986,0.287,False,
outlet_3c954cee,6,image_0005.jpg,4,0.058,-0.287,False,
outlet_3c954cee,6,image_0003.jpg,5,0.0512,-0.419,False,
outlet_3c954cee,6,image_0002.jpg,6,0.0314,-0.93,False,
outlet_3cf44c1c,5,image_0002.jpg,1,0.372,1.976,False,
outlet_3cf44c1c,5,image_0001.jpg,2,0.0933,0.226,False,
outlet_3cf44c1c,5,image_0003.jpg,3,0.0759,0.0,False,
outlet_3cf44c1c,5,image_0005.jpg,4,0.0401,-0.674,False,
outlet_3cf44c1c,5,image_0004.jpg,5,0.0262,-1.115,False,
outlet_3d493e9d,10,image_0003.jpg,1,0.6989,3.342,True,"Low similarity to the outlet's other 9 photos (multi-region anomaly score 3.3, beyond the folder's normal range)."
outlet_3d493e9d,10,image_0007.jpg,2,0.185,1.017,False,
outlet_3d493e9d,10,image_0002.jpg,3,0.1537,0.794,False,
outlet_3d493e9d,10,image_0009.jpg,4,0.091,0.198,False,
outlet_3d493e9d,10,image_0005.jpg,5,0.081,0.071,False,
outlet_3d493e9d,10,image_0006.jpg,6,0.071,-0.071,False,
outlet_3d493e9d,10,image_0008.jpg,7,0.0545,-0.353,False,
outlet_3d493e9d,10,image_0001.jpg,8,0.045,-0.555,False,
outlet_3d493e9d,10,image_0010.jpg,9,0.0349,-0.819,False,
outlet_3d493e9d,10,image_0004.jpg,10,0.0334,-0.866,False,
outlet_3f09815b,6,image_0006.jpg,1,0.6247,3.009,True,"Low similarity to the outlet's other 5 photos (multi-region anomaly score 3.0, beyond the folder's normal range)."
outlet_3f09815b,6,image_0005.jpg,2,0.3429,1.85,False,
outlet_3f09815b,6,image_0001.jpg,3,0.1,0.302,False,
outlet_3f09815b,6,image_0004.jpg,4,0.0572,-0.302,False,
outlet_3f09815b,6,image_0002.jpg,5,0.0522,-0.399,False,
outlet_3f09815b,6,image_0003.jpg,6,0.0308,-0.95,False,
outlet_4057fa9f,5,image_0004.jpg,1,0.3836,2.026,False,
outlet_4057fa9f,5,image_0005.jpg,2,0.1388,0.674,False,
outlet_4057fa9f,5,image_0001.jpg,3,0.0759,0.0,False,
outlet_4057fa9f,5,image_0003.jpg,4,0.0408,-0.658,False,
outlet_4057fa9f,5,image_0002.jpg,5,0.0211,-1.338,False,
outlet_4369bd99,10,image_0006.jpg,1,0.6408,3.079,True,"Low similarity to the outlet's other 9 photos (multi-region anomaly score 3.1, beyond the folder's normal range)."
outlet_4369bd99,10,image_0003.jpg,2,0.1656,0.883,False,
outlet_4369bd99,10,image_0001.jpg,3,0.121,0.517,False,
outlet_4369bd99,10,image_0010.jpg,4,0.0863,0.14,False,
outlet_4369bd99,10,image_0004.jpg,5,0.0798,0.054,False,
outlet_4369bd99,10,image_0008.jpg,6,0.0721,-0.054,False,
outlet_4369bd99,10,image_0002.jpg,7,0.0684,-0.112,False,
outlet_4369bd99,10,image_0009.jpg,8,0.0345,-0.832,False,
outlet_4369bd99,10,image_0007.jpg,9,0.0236,-1.223,False,
outlet_4369bd99,10,image_0005.jpg,10,0.0224,-1.278,False,
outlet_459bb23b,8,image_0007.jpg,1,0.4823,2.429,False,
outlet_459bb23b,8,image_0003.jpg,2,0.206,1.151,False,
outlet_459bb23b,8,image_0008.jpg,3,0.1807,0.989,False,
outlet_459bb23b,8,image_0004.jpg,4,0.0985,0.286,False,
outlet_459bb23b,8,image_0005.jpg,5,0.0581,-0.286,False,
outlet_459bb23b,8,image_0002.jpg,6,0.0467,-0.516,False,
outlet_459bb23b,8,image_0001.jpg,7,0.0408,-0.658,False,
outlet_459bb23b,8,image_0006.jpg,8,0.0395,-0.691,False,
outlet_459c1a69,16,image_0009.jpg,1,0.9759,6.201,True,"Low similarity to the outlet's other 15 photos (multi-region anomaly score 6.2, beyond the folder's normal range)."
outlet_459c1a69,16,image_0008.jpg,2,0.4813,2.425,False,
outlet_459c1a69,16,image_0002.jpg,3,0.474,2.396,False,
outlet_459c1a69,16,image_0014.jpg,4,0.1644,0.874,False,
outlet_459c1a69,16,image_0010.jpg,5,0.1527,0.786,False,
outlet_459c1a69,16,image_0013.jpg,6,0.1229,0.535,False,
outlet_459c1a69,16,image_0006.jpg,7,0.1112,0.422,False,
outlet_459c1a69,16,image_0011.jpg,8,0.0812,0.073,False,
outlet_459c1a69,16,image_0016.jpg,9,0.0709,-0.073,False,
outlet_459c1a69,16,image_0015.jpg,10,0.0689,-0.104,False,
outlet_459c1a69,16,image_0012.jpg,11,0.0649,-0.167,False,
outlet_459c1a69,16,image_0003.jpg,12,0.0542,-0.359,False,
outlet_459c1a69,16,image_0007.jpg,13,0.0447,-0.563,False,
outlet_459c1a69,16,image_0005.jpg,14,0.0294,-0.998,False,
outlet_459c1a69,16,image_0004.jpg,15,0.0271,-1.08,False,
outlet_459c1a69,16,image_0001.jpg,16,0.019,-1.445,False,
outlet_47cf0cdd,27,image_0007.jpg,1,0.3694,1.965,False,
outlet_47cf0cdd,27,image_0026.jpg,2,0.2398,1.346,False,
outlet_47cf0cdd,27,image_0017.jpg,3,0.2214,1.242,False,
outlet_47cf0cdd,27,image_0016.jpg,4,0.1868,1.029,False,
outlet_47cf0cdd,27,image_0015.jpg,5,0.1411,0.694,False,
outlet_47cf0cdd,27,image_0011.jpg,6,0.0952,0.248,False,
outlet_47cf0cdd,27,image_0004.jpg,7,0.089,0.174,False,
outlet_47cf0cdd,27,image_0001.jpg,8,0.0887,0.171,False,
outlet_47cf0cdd,27,image_0025.jpg,9,0.0865,0.143,False,
outlet_47cf0cdd,27,image_0019.jpg,10,0.083,0.098,False,
outlet_47cf0cdd,27,image_0008.jpg,11,0.0824,0.09,False,
outlet_47cf0cdd,27,image_0002.jpg,12,0.0814,0.077,False,
outlet_47cf0cdd,27,image_0003.jpg,13,0.08,0.057,False,
outlet_47cf0cdd,27,image_0018.jpg,14,0.0759,0.0,False,
outlet_47cf0cdd,27,image_0006.jpg,15,0.0639,-0.185,False,
outlet_47cf0cdd,27,image_0013.jpg,16,0.0627,-0.205,False,
outlet_47cf0cdd,27,image_0024.jpg,17,0.0615,-0.225,False,
outlet_47cf0cdd,27,image_0023.jpg,18,0.0498,-0.449,False,
outlet_47cf0cdd,27,image_0027.jpg,19,0.0401,-0.674,False,
outlet_47cf0cdd,27,image_0022.jpg,20,0.0331,-0.874,False,
outlet_47cf0cdd,27,image_0009.jpg,21,0.0316,-0.923,False,
outlet_47cf0cdd,27,image_0005.jpg,22,0.0295,-0.992,False,
outlet_47cf0cdd,27,image_0012.jpg,23,0.0234,-1.231,False,
outlet_47cf0cdd,27,image_0010.jpg,24,0.0233,-1.234,False,
outlet_47cf0cdd,27,image_0021.jpg,25,0.019,-1.445,False,
outlet_47cf0cdd,27,image_0014.jpg,26,0.0183,-1.48,False,
outlet_47cf0cdd,27,image_0020.jpg,27,0.018,-1.497,False,
outlet_486748c6,5,image_0002.jpg,1,0.2626,1.468,False,
outlet_486748c6,5,image_0003.jpg,2,0.2381,1.337,False,
outlet_486748c6,5,image_0001.jpg,3,0.0759,0.0,False,
outlet_486748c6,5,image_0005.jpg,4,0.047,-0.51,False,
outlet_486748c6,5,image_0004.jpg,5,0.0401,-0.674,False,
outlet_4a66821b,12,image_0005.jpg,1,0.8683,4.386,True,"Low similarity to the outlet's other 11 photos (multi-region anomaly score 4.4, beyond the folder's normal range)."
outlet_4a66821b,12,image_0006.jpg,2,0.3182,1.738,False,
outlet_4a66821b,12,image_0004.jpg,3,0.1961,1.089,False,
outlet_4a66821b,12,image_0011.jpg,4,0.1409,0.692,False,
outlet_4a66821b,12,image_0007.jpg,5,0.1367,0.657,False,
outlet_4a66821b,12,image_0010.jpg,6,0.0868,0.147,False,
outlet_4a66821b,12,image_0008.jpg,7,0.0662,-0.147,False,
outlet_4a66821b,12,image_0001.jpg,8,0.0543,-0.358,False,
outlet_4a66821b,12,image_0003.jpg,9,0.0539,-0.365,False,
outlet_4a66821b,12,image_0012.jpg,10,0.0539,-0.365,False,
outlet_4a66821b,12,image_0002.jpg,11,0.0153,-1.663,False,
outlet_4a66821b,12,image_0009.jpg,12,0.0056,-2.672,False,
outlet_4ba8e6fb,14,image_0004_1.jpg,1,0.2722,1.516,False,
outlet_4ba8e6fb,14,image_0001_1.jpg,2,0.2607,1.458,False,
outlet_4ba8e6fb,14,image_0002_1.jpg,3,0.1665,0.889,False,
outlet_4ba8e6fb,14,image_0002.jpg,4,0.1625,0.86,False,
outlet_4ba8e6fb,14,image_0003_1.jpg,5,0.1205,0.512,False,
outlet_4ba8e6fb,14,image_0001.jpg,6,0.089,0.174,False,
outlet_4ba8e6fb,14,image_0004.jpg,7,0.085,0.124,False,
outlet_4ba8e6fb,14,image_0003.jpg,8,0.0676,-0.124,False,
outlet_4ba8e6fb,14,image_0010.jpg,9,0.0607,-0.238,False,
outlet_4ba8e6fb,14,image_0008.jpg,10,0.0424,-0.617,False,
outlet_4ba8e6fb,14,image_0009.jpg,11,0.0405,-0.665,False,
outlet_4ba8e6fb,14,image_0005.jpg,12,0.0398,-0.684,False,
outlet_4ba8e6fb,14,image_0007.jpg,13,0.0268,-1.092,False,
outlet_4ba8e6fb,14,image_0006.jpg,14,0.0268,-1.092,False,
outlet_4bbeb21b,21,image_0018.jpg,1,0.5028,2.511,True,"Low similarity to the outlet's other 20 photos (multi-region anomaly score 2.5, beyond the folder's normal range)."
outlet_4bbeb21b,21,image_0020.jpg,2,0.4275,2.208,False,
outlet_4bbeb21b,21,image_0006.jpg,3,0.4164,2.162,False,
outlet_4bbeb21b,21,image_0021.jpg,4,0.3795,2.008,False,
outlet_4bbeb21b,21,image_0003.jpg,5,0.1643,0.874,False,
outlet_4bbeb21b,21,image_0004.jpg,6,0.1544,0.8,False,
outlet_4bbeb21b,21,image_0011.jpg,7,0.1293,0.593,False,
outlet_4bbeb21b,21,image_0016.jpg,8,0.107,0.378,False,
outlet_4bbeb21b,21,image_0007.jpg,9,0.0946,0.242,False,
outlet_4bbeb21b,21,image_0005.jpg,10,0.089,0.174,False,
outlet_4bbeb21b,21,image_0002.jpg,11,0.0759,0.0,False,
outlet_4bbeb21b,21,image_0001.jpg,12,0.0732,-0.038,False,
outlet_4bbeb21b,21,image_0019.jpg,13,0.0673,-0.129,False,
outlet_4bbeb21b,21,image_0015.jpg,14,0.0483,-0.48,False,
outlet_4bbeb21b,21,image_0013.jpg,15,0.0417,-0.634,False,
outlet_4bbeb21b,21,image_0014.jpg,16,0.0417,-0.634,False,
outlet_4bbeb21b,21,image_0010.jpg,17,0.0401,-0.674,False,
outlet_4bbeb21b,21,image_0017.jpg,18,0.0354,-0.805,False,
outlet_4bbeb21b,21,image_0008.jpg,19,0.029,-1.01,False,
outlet_4bbeb21b,21,image_0009.jpg,20,0.029,-1.01,False,
outlet_4bbeb21b,21,image_0012.jpg,21,0.0278,-1.054,False,
outlet_4eaf2e47,9,image_0001_2.jpg,1,0.1998,1.113,False,
outlet_4eaf2e47,9,image_0006.jpg,2,0.1553,0.807,False,
outlet_4eaf2e47,9,image_0001_1.jpg,3,0.1405,0.688,False,
outlet_4eaf2e47,9,image_0002.jpg,4,0.1388,0.674,False,
outlet_4eaf2e47,9,image_0001_1_1.jpg,5,0.0759,0.0,False,
outlet_4eaf2e47,9,image_0001.jpg,6,0.0559,-0.326,False,
outlet_4eaf2e47,9,image_0005.jpg,7,0.0545,-0.353,False,
outlet_4eaf2e47,9,image_0003.jpg,8,0.0452,-0.549,False,
outlet_4eaf2e47,9,image_0004.jpg,9,0.0387,-0.712,False,
outlet_5234b92a,22,image_0004_1.jpg,1,0.9478,5.398,True,"Low similarity to the outlet's other 21 photos (multi-region anomaly score 5.4, beyond the folder's normal range)."
outlet_5234b92a,22,image_0003_1.jpg,2,0.9467,5.378,True,"Low similarity to the outlet's other 21 photos (multi-region anomaly score 5.4, beyond the folder's normal range)."
outlet_5234b92a,22,image_0001_1.jpg,3,0.921,4.956,True,"Low similarity to the outlet's other 21 photos (multi-region anomaly score 5.0, beyond the folder's normal range)."
outlet_5234b92a,22,image_0002_1.jpg,4,0.92,4.942,True,"Low similarity to the outlet's other 21 photos (multi-region anomaly score 4.9, beyond the folder's normal range)."
outlet_5234b92a,22,image_0002.jpg,5,0.624,3.007,True,"Low similarity to the outlet's other 21 photos (multi-region anomaly score 3.0, beyond the folder's normal range)."
outlet_5234b92a,22,image_0001.jpg,6,0.2669,1.49,False,
outlet_5234b92a,22,image_0009.jpg,7,0.1632,0.865,False,
outlet_5234b92a,22,image_0012.jpg,8,0.1358,0.649,False,
outlet_5234b92a,22,image_0010.jpg,9,0.1177,0.486,False,
outlet_5234b92a,22,image_0005.jpg,10,0.0903,0.19,False,
outlet_5234b92a,22,image_0016.jpg,11,0.0792,0.047,False,
outlet_5234b92a,22,image_0003.jpg,12,0.0726,-0.047,False,
outlet_5234b92a,22,image_0007.jpg,13,0.0671,-0.133,False,
outlet_5234b92a,22,image_0008.jpg,14,0.0669,-0.136,False,
outlet_5234b92a,22,image_0004.jpg,15,0.0551,-0.341,False,
outlet_5234b92a,22,image_0018.jpg,16,0.0525,-0.392,False,
outlet_5234b92a,22,image_0006.jpg,17,0.0483,-0.481,False,
outlet_5234b92a,22,image_0011.jpg,18,0.0426,-0.611,False,
outlet_5234b92a,22,image_0015.jpg,19,0.0392,-0.7,False,
outlet_5234b92a,22,image_0013.jpg,20,0.0311,-0.939,False,
outlet_5234b92a,22,image_0014.jpg,21,0.0298,-0.982,False,
outlet_5234b92a,22,image_0017.jpg,22,0.029,-1.009,False,
outlet_539b60a1,12,image_0005.jpg,1,0.9012,4.711,True,"Low similarity to the outlet's other 11 photos (multi-region anomaly score 4.7, beyond the folder's normal range)."
outlet_539b60a1,12,image_0004.jpg,2,0.1937,1.074,False,
outlet_539b60a1,12,image_0006.jpg,3,0.1891,1.044,False,
outlet_539b60a1,12,image_0010.jpg,4,0.0808,0.068,False,
outlet_539b60a1,12,image_0003.jpg,5,0.0806,0.066,False,
outlet_539b60a1,12,image_0009.jpg,6,0.0803,0.061,False,
outlet_539b60a1,12,image_0011.jpg,7,0.0717,-0.061,False,
outlet_539b60a1,12,image_0001.jpg,8,0.0714,-0.065,False,
outlet_539b60a1,12,image_0007.jpg,9,0.0477,-0.494,False,
outlet_539b60a1,12,image_0002.jpg,10,0.0337,-0.855,False,
outlet_539b60a1,12,image_0008.jpg,11,0.0333,-0.868,False,
outlet_539b60a1,12,image_0012.jpg,12,0.0298,-0.982,False,
outlet_53ea491f,13,image_0002.jpg,1,0.6469,3.106,True,"Low similarity to the outlet's other 12 photos (multi-region anomaly score 3.1, beyond the folder's normal range)."
outlet_53ea491f,13,image_0006.jpg,2,0.4255,2.2,False,
outlet_53ea491f,13,image_0003.jpg,3,0.3278,1.782,False,
outlet_53ea491f,13,image_0004.jpg,4,0.2377,1.334,False,
outlet_53ea491f,13,image_0007.jpg,5,0.094,0.235,False,
outlet_53ea491f,13,image_0011.jpg,6,0.0761,0.004,False,
outlet_53ea491f,13,image_0005.jpg,7,0.0759,0.0,False,
outlet_53ea491f,13,image_0008.jpg,8,0.0493,-0.459,False,
outlet_53ea491f,13,image_0009.jpg,9,0.0475,-0.498,False,
outlet_53ea491f,13,image_0013.jpg,10,0.0425,-0.615,False,
outlet_53ea491f,13,image_0012.jpg,11,0.0401,-0.674,False,
outlet_53ea491f,13,image_0010.jpg,12,0.0202,-1.381,False,
outlet_53ea491f,13,image_0001.jpg,13,0.0185,-1.469,False,
outlet_5be5b163,7,image_0003.jpg,1,0.2585,1.446,False,
outlet_5be5b163,7,image_0002.jpg,2,0.1729,0.935,False,
outlet_5be5b163,7,image_0007.jpg,3,0.1388,0.674,False,
outlet_5be5b163,7,image_0001.jpg,4,0.0759,0.0,False,
outlet_5be5b163,7,image_0006.jpg,5,0.0483,-0.481,False,
outlet_5be5b163,7,image_0005.jpg,6,0.0412,-0.646,False,
outlet_5be5b163,7,image_0004.jpg,7,0.0373,-0.751,False,
outlet_5c8120ae,15,image_0007.jpg,1,0.2059,1.15,False,
outlet_5c8120ae,15,image_0002.jpg,2,0.1681,0.901,False,
outlet_5c8120ae,15,image_0013.jpg,3,0.1398,0.683,False,
outlet_5c8120ae,15,image_0015.jpg,4,0.1296,0.596,False,
outlet_5c8120ae,15,image_0012.jpg,5,0.1104,0.413,False,
outlet_5c8120ae,15,image_0010.jpg,6,0.1062,0.37,False,
outlet_5c8120ae,15,image_0014.jpg,7,0.0866,0.144,False,
outlet_5c8120ae,15,image_0003.jpg,8,0.0759,0.0,False,
outlet_5c8120ae,15,image_0009.jpg,9,0.0603,-0.246,False,
outlet_5c8120ae,15,image_0001.jpg,10,0.0583,-0.283,False,
outlet_5c8120ae,15,image_0011.jpg,11,0.0401,-0.674,False,
outlet_5c8120ae,15,image_0004.jpg,12,0.0399,-0.68,False,
outlet_5c8120ae,15,image_0008.jpg,13,0.0289,-1.014,False,
outlet_5c8120ae,15,image_0006.jpg,14,0.0254,-1.149,False,
outlet_5c8120ae,15,image_0005.jpg,15,0.0254,-1.149,False,
outlet_5d690cb1,11,image_0001.jpg,1,0.7591,3.648,True,"Low similarity to the outlet's other 10 photos (multi-region anomaly score 3.6, beyond the folder's normal range)."
outlet_5d690cb1,11,image_0004.jpg,2,0.5634,2.755,True,"Low similarity to the outlet's other 10 photos (multi-region anomaly score 2.8, beyond the folder's normal range)."
outlet_5d690cb1,11,image_0002.jpg,3,0.4389,2.254,False,
outlet_5d690cb1,11,image_0005.jpg,4,0.4234,2.191,False,
outlet_5d690cb1,11,image_0003.jpg,5,0.121,0.517,False,
outlet_5d690cb1,11,image_0006.jpg,6,0.0759,0.0,False,
outlet_5d690cb1,11,image_0011.jpg,7,0.07,-0.086,False,
outlet_5d690cb1,11,image_0008.jpg,8,0.0583,-0.281,False,
outlet_5d690cb1,11,image_0010.jpg,9,0.0408,-0.658,False,
outlet_5d690cb1,11,image_0009.jpg,10,0.0401,-0.674,False,
outlet_5d690cb1,11,image_0007.jpg,11,0.0298,-0.984,False,
outlet_5edce88b,10,image_0008.jpg,1,0.2748,1.529,False,
outlet_5edce88b,10,image_0003.jpg,2,0.154,0.797,False,
outlet_5edce88b,10,image_0002.jpg,3,0.1248,0.552,False,
outlet_5edce88b,10,image_0010.jpg,4,0.0802,0.06,False,
outlet_5edce88b,10,image_0001.jpg,5,0.079,0.043,False,
outlet_5edce88b,10,image_0009.jpg,6,0.0729,-0.043,False,
outlet_5edce88b,10,image_0004.jpg,7,0.0659,-0.151,False,
outlet_5edce88b,10,image_0005.jpg,8,0.0149,-1.688,False,
outlet_5edce88b,10,image_0007.jpg,9,0.0123,-1.889,False,
outlet_5edce88b,10,image_0006.jpg,10,0.0103,-2.067,False,
outlet_5fb892d3,5,image_0004.jpg,1,0.7995,3.883,True,"Low similarity to the outlet's other 4 photos (multi-region anomaly score 3.9, beyond the folder's normal range)."
outlet_5fb892d3,5,image_0003.jpg,2,0.4819,2.428,False,
outlet_5fb892d3,5,image_0001.jpg,3,0.0759,0.0,False,
outlet_5fb892d3,5,image_0002.jpg,4,0.0405,-0.666,False,
outlet_5fb892d3,5,image_0005.jpg,5,0.0401,-0.674,False,
outlet_6087824b,15,image_0015.jpg,1,0.7171,3.43,True,"Low similarity to the outlet's other 14 photos (multi-region anomaly score 3.4, beyond the folder's normal range)."
outlet_6087824b,15,image_0005.jpg,2,0.6914,3.307,True,"Low similarity to the outlet's other 14 photos (multi-region anomaly score 3.3, beyond the folder's normal range)."
outlet_6087824b,15,image_0010.jpg,3,0.6249,3.01,True,"Low similarity to the outlet's other 14 photos (multi-region anomaly score 3.0, beyond the folder's normal range)."
outlet_6087824b,15,image_0013.jpg,4,0.5632,2.754,True,"Low similarity to the outlet's other 14 photos (multi-region anomaly score 2.8, beyond the folder's normal range)."
outlet_6087824b,15,image_0006.jpg,5,0.243,1.364,False,
outlet_6087824b,15,image_0011.jpg,6,0.2379,1.336,False,
outlet_6087824b,15,image_0008.jpg,7,0.0778,0.027,False,
outlet_6087824b,15,image_0012.jpg,8,0.0759,0.0,False,
outlet_6087824b,15,image_0002.jpg,9,0.0686,-0.109,False,
outlet_6087824b,15,image_0014.jpg,10,0.0603,-0.247,False,
outlet_6087824b,15,image_0004.jpg,11,0.0508,-0.427,False,
outlet_6087824b,15,image_0001.jpg,12,0.0496,-0.453,False,
outlet_6087824b,15,image_0009.jpg,13,0.0462,-0.527,False,
outlet_6087824b,15,image_0007.jpg,14,0.0401,-0.675,False,
outlet_6087824b,15,image_0003.jpg,15,0.0374,-0.747,False,
outlet_612f8240,19,image_0001_1.jpg,1,0.9981,8.776,True,"Low similarity to the outlet's other 18 photos (multi-region anomaly score 8.8, beyond the folder's normal range)."
outlet_612f8240,19,image_0002_1.jpg,2,0.9957,7.942,True,"Low similarity to the outlet's other 18 photos (multi-region anomaly score 7.9, beyond the folder's normal range)."
outlet_612f8240,19,image_0013.jpg,3,0.6058,2.93,True,"Low similarity to the outlet's other 18 photos (multi-region anomaly score 2.9, beyond the folder's normal range)."
outlet_612f8240,19,image_0005.jpg,4,0.5865,2.849,True,"Low similarity to the outlet's other 18 photos (multi-region anomaly score 2.8, beyond the folder's normal range)."
outlet_612f8240,19,image_0004.jpg,5,0.3022,1.663,False,
outlet_612f8240,19,image_0017.jpg,6,0.2835,1.573,False,
outlet_612f8240,19,image_0007.jpg,7,0.1417,0.699,False,
outlet_612f8240,19,image_0014.jpg,8,0.0944,0.239,False,
outlet_612f8240,19,image_0010.jpg,9,0.0829,0.096,False,
outlet_612f8240,19,image_0012.jpg,10,0.0759,0.0,False,
outlet_612f8240,19,image_0008.jpg,11,0.0729,-0.043,False,
outlet_612f8240,19,image_0001.jpg,12,0.0726,-0.047,False,
outlet_612f8240,19,image_0002.jpg,13,0.0568,-0.31,False,
outlet_612f8240,19,image_0003.jpg,14,0.0521,-0.4,False,
outlet_612f8240,19,image_0009.jpg,15,0.05,-0.445,False,
outlet_612f8240,19,image_0011.jpg,16,0.0436,-0.589,False,
outlet_612f8240,19,image_0015.jpg,17,0.0401,-0.674,False,
outlet_612f8240,19,image_0006.jpg,18,0.0364,-0.777,False,
outlet_612f8240,19,image_0016.jpg,19,0.033,-0.876,False,
outlet_63a4bb52,13,image_0009.jpg,1,0.5953,2.886,True,"Low similarity to the outlet's other 12 photos (multi-region anomaly score 2.9, beyond the folder's normal range)."
outlet_63a4bb52,13,image_0002.jpg,2,0.4831,2.433,False,
outlet_63a4bb52,13,image_0004.jpg,3,0.1388,0.674,False,
outlet_63a4bb52,13,image_0005.jpg,4,0.1145,0.455,False,
outlet_63a4bb52,13,image_0001.jpg,5,0.1086,0.395,False,
outlet_63a4bb52,13,image_0006.jpg,6,0.0896,0.182,False,
outlet_63a4bb52,13,image_0003.jpg,7,0.0759,0.0,False,
outlet_63a4bb52,13,image_0013.jpg,8,0.0554,-0.337,False,
outlet_63a4bb52,13,image_0012.jpg,9,0.0426,-0.611,False,
outlet_63a4bb52,13,image_0011.jpg,10,0.0262,-1.116,False,
outlet_63a4bb52,13,image_0010.jpg,11,0.0236,-1.222,False,
outlet_63a4bb52,13,image_0008.jpg,12,0.0171,-1.554,False,
outlet_63a4bb52,13,image_0007.jpg,13,0.0137,-1.774,False,
outlet_647a174b,9,image_0005.jpg,1,0.9153,4.881,True,"Low similarity to the outlet's other 8 photos (multi-region anomaly score 4.9, beyond the folder's normal range)."
outlet_647a174b,9,image_0002.jpg,2,0.2168,1.216,False,
outlet_647a174b,9,image_0001.jpg,3,0.2093,1.171,False,
outlet_647a174b,9,image_0003.jpg,4,0.1136,0.445,False,
outlet_647a174b,9,image_0008.jpg,5,0.0759,0.0,False,
outlet_647a174b,9,image_0004.jpg,6,0.0651,-0.164,False,
outlet_647a174b,9,image_0007.jpg,7,0.0515,-0.414,False,
outlet_647a174b,9,image_0009.jpg,8,0.0401,-0.674,False,
outlet_647a174b,9,image_0006.jpg,9,0.013,-1.827,False,
outlet_648ccd9a,12,image_0003_1.jpg,1,0.3057,1.68,False,
outlet_648ccd9a,12,image_0001_1.jpg,2,0.2995,1.651,False,
outlet_648ccd9a,12,image_0002_1.jpg,3,0.2898,1.604,False,
outlet_648ccd9a,12,image_0005.jpg,4,0.1202,0.51,False,
outlet_648ccd9a,12,image_0006.jpg,5,0.1096,0.405,False,
outlet_648ccd9a,12,image_0008.jpg,6,0.0999,0.301,False,
outlet_648ccd9a,12,image_0004.jpg,7,0.0573,-0.301,False,
outlet_648ccd9a,12,image_0007.jpg,8,0.042,-0.628,False,
outlet_648ccd9a,12,image_0009.jpg,9,0.0413,-0.645,False,
outlet_648ccd9a,12,image_0002.jpg,10,0.039,-0.704,False,
outlet_648ccd9a,12,image_0001.jpg,11,0.0368,-0.763,False,
outlet_648ccd9a,12,image_0003.jpg,12,0.0312,-0.937,False,
outlet_66dff2a1,18,image_0001_1.jpg,1,0.8269,4.064,True,"Low similarity to the outlet's other 17 photos (multi-region anomaly score 4.1, beyond the folder's normal range)."
outlet_66dff2a1,18,image_0017.jpg,2,0.3391,1.833,False,
outlet_66dff2a1,18,image_0002.jpg,3,0.2659,1.484,False,
outlet_66dff2a1,18,image_0013.jpg,4,0.2383,1.338,False,
outlet_66dff2a1,18,image_0015.jpg,5,0.1925,1.066,False,
outlet_66dff2a1,18,image_0001.jpg,6,0.1196,0.504,False,
outlet_66dff2a1,18,image_0008.jpg,7,0.1029,0.334,False,
outlet_66dff2a1,18,image_0016.jpg,8,0.0979,0.279,False,
outlet_66dff2a1,18,image_0004.jpg,9,0.0839,0.109,False,
outlet_66dff2a1,18,image_0010.jpg,10,0.0685,-0.109,False,
outlet_66dff2a1,18,image_0014.jpg,11,0.0682,-0.115,False,
outlet_66dff2a1,18,image_0007.jpg,12,0.064,-0.183,False,
outlet_66dff2a1,18,image_0009.jpg,13,0.0558,-0.328,False,
outlet_66dff2a1,18,image_0003.jpg,14,0.0441,-0.576,False,
outlet_66dff2a1,18,image_0005.jpg,15,0.0365,-0.773,False,
outlet_66dff2a1,18,image_0012.jpg,16,0.021,-1.343,False,
outlet_66dff2a1,18,image_0006.jpg,17,0.0206,-1.36,False,
outlet_66dff2a1,18,image_0011.jpg,18,0.0193,-1.43,False,
outlet_680cfd33,12,image_0001.jpg,1,1.0,13.049,True,"Low similarity to the outlet's other 11 photos (multi-region anomaly score 13.0, beyond the folder's normal range)."
outlet_680cfd33,12,image_0001_1.jpg,2,0.452,2.307,False,
outlet_680cfd33,12,image_0003.jpg,3,0.234,1.314,False,
outlet_680cfd33,12,image_0004.jpg,4,0.1403,0.687,False,
outlet_680cfd33,12,image_0008.jpg,5,0.131,0.608,False,
outlet_680cfd33,12,image_0006.jpg,6,0.0774,0.022,False,
outlet_680cfd33,12,image_0007.jpg,7,0.0743,-0.022,False,
outlet_680cfd33,12,image_0002.jpg,8,0.0702,-0.084,False,
outlet_680cfd33,12,image_0004_1.jpg,9,0.0665,-0.141,False,
outlet_680cfd33,12,image_0002_1.jpg,10,0.0406,-0.662,False,
outlet_680cfd33,12,image_0003_1.jpg,11,0.0379,-0.734,False,
outlet_680cfd33,12,image_0005.jpg,12,0.013,-1.827,False,
outlet_68bc17a7,30,image_0024.jpg,1,0.9971,8.325,True,"Low similarity to the outlet's other 29 photos (multi-region anomaly score 8.3, beyond the folder's normal range)."
outlet_68bc17a7,30,image_0018.jpg,2,0.9745,6.144,True,"Low similarity to the outlet's other 29 photos (multi-region anomaly score 6.1, beyond the folder's normal range)."
outlet_68bc17a7,30,image_0028.jpg,3,0.2486,1.394,False,
outlet_68bc17a7,30,image_0003.jpg,4,0.1818,0.996,False,
outlet_68bc17a7,30,image_0023.jpg,5,0.1244,0.548,False,
outlet_68bc17a7,30,image_0021.jpg,6,0.1209,0.516,False,
outlet_68bc17a7,30,image_0004.jpg,7,0.1203,0.51,False,
outlet_68bc17a7,30,image_0030.jpg,8,0.1089,0.397,False,
outlet_68bc17a7,30,image_0026.jpg,9,0.092,0.211,False,
outlet_68bc17a7,30,image_0014.jpg,10,0.0867,0.146,False,
outlet_68bc17a7,30,image_0009.jpg,11,0.0825,0.091,False,
outlet_68bc17a7,30,image_0008.jpg,12,0.0825,0.091,False,
outlet_68bc17a7,30,image_0010.jpg,13,0.0818,0.082,False,
outlet_68bc17a7,30,image_0016.jpg,14,0.0801,0.06,False,
outlet_68bc17a7,30,image_0020.jpg,15,0.0775,0.023,False,
outlet_68bc17a7,30,image_0005.jpg,16,0.0742,-0.023,False,
outlet_68bc17a7,30,image_0017.jpg,17,0.0642,-0.179,False,
outlet_68bc17a7,30,image_0025.jpg,18,0.0467,-0.517,False,
outlet_68bc17a7,30,image_0002.jpg,19,0.0407,-0.66,False,
outlet_68bc17a7,30,image_0011.jpg,20,0.0396,-0.689,False,
outlet_68bc17a7,30,image_0001.jpg,21,0.039,-0.703,False,
outlet_68bc17a7,30,image_0019.jpg,22,0.0303,-0.967,False,
outlet_68bc17a7,30,image_0029.jpg,23,0.0249,-1.167,False,
outlet_68bc17a7,30,image_0015.jpg,24,0.0241,-1.201,False,
outlet_68bc17a7,30,image_0013.jpg,25,0.0225,-1.273,False,
outlet_68bc17a7,30,image_0027.jpg,26,0.0216,-1.312,False,
outlet_68bc17a7,30,image_0006.jpg,27,0.0216,-1.313,False,
outlet_68bc17a7,30,image_0022.jpg,28,0.0191,-1.438,False,
outlet_68bc17a7,30,image_0007.jpg,29,0.0176,-1.52,False,
outlet_68bc17a7,30,image_0012.jpg,30,0.0069,-2.464,False,
outlet_6aa59f2b,40,image_0003_1.jpg,1,0.5372,2.649,True,"Low similarity to the outlet's other 39 photos (multi-region anomaly score 2.6, beyond the folder's normal range)."
outlet_6aa59f2b,40,image_0002_1.jpg,2,0.4758,2.403,False,
outlet_6aa59f2b,40,image_0034.jpg,3,0.329,1.787,False,
outlet_6aa59f2b,40,image_0001_1.jpg,4,0.3114,1.706,False,
outlet_6aa59f2b,40,image_0009.jpg,5,0.2688,1.499,False,
outlet_6aa59f2b,40,image_0004_1.jpg,6,0.2532,1.419,False,
outlet_6aa59f2b,40,image_0007.jpg,7,0.2345,1.317,False,
outlet_6aa59f2b,40,image_0002.jpg,8,0.1822,0.998,False,
outlet_6aa59f2b,40,image_0021.jpg,9,0.1371,0.661,False,
outlet_6aa59f2b,40,image_0020.jpg,10,0.1371,0.661,False,
outlet_6aa59f2b,40,image_0015.jpg,11,0.1306,0.605,False,
outlet_6aa59f2b,40,image_0024.jpg,12,0.1241,0.546,False,
outlet_6aa59f2b,40,image_0036.jpg,13,0.1231,0.537,False,
outlet_6aa59f2b,40,image_0016.jpg,14,0.1097,0.406,False,
outlet_6aa59f2b,40,image_0027.jpg,15,0.1053,0.36,False,
outlet_6aa59f2b,40,image_0028.jpg,16,0.1053,0.36,False,
outlet_6aa59f2b,40,image_0001.jpg,17,0.0978,0.278,False,
outlet_6aa59f2b,40,image_0023.jpg,18,0.0897,0.182,False,
outlet_6aa59f2b,40,image_0014.jpg,19,0.0854,0.129,False,
outlet_6aa59f2b,40,image_0003.jpg,20,0.0776,0.024,False,
outlet_6aa59f2b,40,image_0029.jpg,21,0.0742,-0.024,False,
outlet_6aa59f2b,40,image_0025.jpg,22,0.0713,-0.067,False,
outlet_6aa59f2b,40,image_0032.jpg,23,0.0622,-0.212,False,
outlet_6aa59f2b,40,image_0011.jpg,24,0.0615,-0.224,False,
outlet_6aa59f2b,40,image_0035.jpg,25,0.0541,-0.361,False,
outlet_6aa59f2b,40,image_0006.jpg,26,0.0453,-0.549,False,
outlet_6aa59f2b,40,image_0013.jpg,27,0.0448,-0.56,False,
outlet_6aa59f2b,40,image_0012.jpg,28,0.0448,-0.56,False,
outlet_6aa59f2b,40,image_0018.jpg,29,0.0396,-0.688,False,
outlet_6aa59f2b,40,image_0010.jpg,30,0.0372,-0.754,False,
outlet_6aa59f2b,40,image_0005.jpg,31,0.0356,-0.8,False,
outlet_6aa59f2b,40,image_0030.jpg,32,0.0353,-0.809,False,
outlet_6aa59f2b,40,image_0019.jpg,33,0.0343,-0.837,False,
outlet_6aa59f2b,40,image_0031.jpg,34,0.0336,-0.859,False,
outlet_6aa59f2b,40,image_0017.jpg,35,0.0334,-0.866,False,
outlet_6aa59f2b,40,image_0026.jpg,36,0.0292,-1.003,False,
outlet_6aa59f2b,40,image_0004.jpg,37,0.0278,-1.054,False,
outlet_6aa59f2b,40,image_0033.jpg,38,0.0248,-1.173,False,
outlet_6aa59f2b,40,image_0022.jpg,39,0.0246,-1.178,False,
outlet_6aa59f2b,40,image_0008.jpg,40,0.0235,-1.228,False,
outlet_6b2080bc,6,image_0003.jpg,1,0.6602,3.164,True,"Low similarity to the outlet's other 5 photos (multi-region anomaly score 3.2, beyond the folder's normal range)."
outlet_6b2080bc,6,image_0006.jpg,2,0.1093,0.402,False,
outlet_6b2080bc,6,image_0005.jpg,3,0.0822,0.087,False,
outlet_6b2080bc,6,image_0001.jpg,4,0.07,-0.087,False,
outlet_6b2080bc,6,image_0002.jpg,5,0.0309,-0.947,False,
outlet_6b2080bc,6,image_0004.jpg,6,0.0244,-1.189,False,
outlet_6cd2f45a,6,image_0002.jpg,1,0.8991,4.688,True,"Low similarity to the outlet's other 5 photos (multi-region anomaly score 4.7, beyond the folder's normal range)."
outlet_6cd2f45a,6,image_0001.jpg,2,0.2505,1.404,False,
outlet_6cd2f45a,6,image_0003.jpg,3,0.0765,0.009,False,
outlet_6cd2f45a,6,image_0004.jpg,4,0.0752,-0.009,False,
outlet_6cd2f45a,6,image_0006.jpg,5,0.0407,-0.661,False,
outlet_6cd2f45a,6,image_0005.jpg,6,0.0396,-0.688,False,
outlet_6df6bcc9,5,image_0001.jpg,1,0.5071,2.529,True,"Low similarity to the outlet's other 4 photos (multi-region anomaly score 2.5, beyond the folder's normal range)."
outlet_6df6bcc9,5,image_0004.jpg,2,0.1519,0.78,False,
outlet_6df6bcc9,5,image_0005.jpg,3,0.0759,0.0,False,
outlet_6df6bcc9,5,image_0003.jpg,4,0.0555,-0.334,False,
outlet_6df6bcc9,5,image_0002.jpg,5,0.0401,-0.674,False,
outlet_70f9bde3,8,image_0005.jpg,1,0.4293,2.215,False,
outlet_70f9bde3,8,image_0007.jpg,2,0.3284,1.784,False,
outlet_70f9bde3,8,image_0001.jpg,3,0.1937,1.074,False,
outlet_70f9bde3,8,image_0002.jpg,4,0.078,0.03,False,
outlet_70f9bde3,8,image_0003.jpg,5,0.0738,-0.03,False,
outlet_70f9bde3,8,image_0008.jpg,6,0.0606,-0.242,False,
outlet_70f9bde3,8,image_0006.jpg,7,0.0455,-0.544,False,
outlet_70f9bde3,8,image_0004.jpg,8,0.0354,-0.805,False,
outlet_7109ee18,18,image_0006.jpg,1,0.3849,2.031,False,
outlet_7109ee18,18,image_0016.jpg,2,0.2227,1.25,False,
outlet_7109ee18,18,image_0005.jpg,3,0.1904,1.053,False,
outlet_7109ee18,18,image_0017.jpg,4,0.1478,0.748,False,
outlet_7109ee18,18,image_0003.jpg,5,0.1035,0.341,False,
outlet_7109ee18,18,image_0007.jpg,6,0.1007,0.31,False,
outlet_7109ee18,18,image_0010.jpg,7,0.0917,0.207,False,
outlet_7109ee18,18,image_0014.jpg,8,0.0902,0.189,False,
outlet_7109ee18,18,image_0004.jpg,9,0.078,0.031,False,
outlet_7109ee18,18,image_0001.jpg,10,0.0737,-0.031,False,
outlet_7109ee18,18,image_0011.jpg,11,0.0459,-0.535,False,
outlet_7109ee18,18,image_0012.jpg,12,0.0444,-0.57,False,
outlet_7109ee18,18,image_0015.jpg,13,0.0431,-0.601,False,
outlet_7109ee18,18,image_0008.jpg,14,0.0364,-0.777,False,
outlet_7109ee18,18,image_0018.jpg,15,0.0327,-0.886,False,
outlet_7109ee18,18,image_0009.jpg,16,0.0303,-0.967,False,
outlet_7109ee18,18,image_0002.jpg,17,0.0257,-1.135,False,
outlet_7109ee18,18,image_0013.jpg,18,0.0224,-1.275,False,
outlet_731b30e0,6,image_0006.jpg,1,0.5785,2.817,True,"Low similarity to the outlet's other 5 photos (multi-region anomaly score 2.8, beyond the folder's normal range)."
outlet_731b30e0,6,image_0003.jpg,2,0.2636,1.473,False,
outlet_731b30e0,6,image_0004.jpg,3,0.0998,0.3,False,
outlet_731b30e0,6,image_0001.jpg,4,0.0573,-0.3,False,
outlet_731b30e0,6,image_0005.jpg,5,0.0445,-0.567,False,
outlet_731b30e0,6,image_0002.jpg,6,0.0362,-0.782,False,
outlet_74d4383f,7,image_0004.jpg,1,0.249,1.396,False,
outlet_74d4383f,7,image_0001.jpg,2,0.171,0.922,False,
outlet_74d4383f,7,image_0006.jpg,3,0.0856,0.132,False,
outlet_74d4383f,7,image_0005.jpg,4,0.0759,0.0,False,
outlet_74d4383f,7,image_0002.jpg,5,0.071,-0.071,False,
outlet_74d4383f,7,image_0003.jpg,6,0.0401,-0.674,False,
outlet_74d4383f,7,image_0007.jpg,7,0.0394,-0.693,False,
outlet_76e418b9,14,image_0002.jpg,1,0.5002,2.501,True,"Low similarity to the outlet's other 13 photos (multi-region anomaly score 2.5, beyond the folder's normal range)."
outlet_76e418b9,14,image_0001_1.jpg,2,0.4578,2.331,False,
outlet_76e418b9,14,image_0002_1.jpg,3,0.4069,2.123,False,
outlet_76e418b9,14,image_0012.jpg,4,0.2709,1.51,False,
outlet_76e418b9,14,image_0007.jpg,5,0.1434,0.712,False,
outlet_76e418b9,14,image_0011.jpg,6,0.1136,0.445,False,
outlet_76e418b9,14,image_0003.jpg,7,0.0788,0.041,False,
outlet_76e418b9,14,image_0005.jpg,8,0.073,-0.041,False,
outlet_76e418b9,14,image_0004.jpg,9,0.0719,-0.058,False,
outlet_76e418b9,14,image_0009.jpg,10,0.0614,-0.228,False,
outlet_76e418b9,14,image_0006.jpg,11,0.0495,-0.455,False,
outlet_76e418b9,14,image_0001.jpg,12,0.0416,-0.637,False,
outlet_76e418b9,14,image_0008.jpg,13,0.036,-0.788,False,
outlet_76e418b9,14,image_0010.jpg,14,0.0247,-1.177,False,
outlet_777f9297,13,image_0001_1.jpg,1,0.9971,8.333,True,"Low similarity to the outlet's other 12 photos (multi-region anomaly score 8.3, beyond the folder's normal range)."
outlet_777f9297,13,image_0004.jpg,2,0.9311,5.104,True,"Low similarity to the outlet's other 12 photos (multi-region anomaly score 5.1, beyond the folder's normal range)."
outlet_777f9297,13,image_0002.jpg,3,0.8717,4.416,True,"Low similarity to the outlet's other 12 photos (multi-region anomaly score 4.4, beyond the folder's normal range)."
outlet_777f9297,13,image_0001.jpg,4,0.2842,1.576,False,
outlet_777f9297,13,image_0003.jpg,5,0.1974,1.097,False,
outlet_777f9297,13,image_0010.jpg,6,0.1118,0.428,False,
outlet_777f9297,13,image_0007.jpg,7,0.0759,0.0,False,
outlet_777f9297,13,image_0009.jpg,8,0.0697,-0.091,False,
outlet_777f9297,13,image_0011.jpg,9,0.0679,-0.119,False,
outlet_777f9297,13,image_0005.jpg,10,0.0575,-0.296,False,
outlet_777f9297,13,image_0008.jpg,11,0.0419,-0.63,False,
outlet_777f9297,13,image_0012.jpg,12,0.0401,-0.674,False,
outlet_777f9297,13,image_0006.jpg,13,0.0383,-0.723,False,
outlet_782744b7,7,image_0003.jpg,1,0.1851,1.018,False,
outlet_782744b7,7,image_0007.jpg,2,0.1465,0.738,False,
outlet_782744b7,7,image_0002.jpg,3,0.1388,0.674,False,
outlet_782744b7,7,image_0005.jpg,4,0.0759,0.0,False,
outlet_782744b7,7,image_0006.jpg,5,0.0681,-0.116,False,
outlet_782744b7,7,image_0001.jpg,6,0.0601,-0.25,False,
outlet_782744b7,7,image_0004.jpg,7,0.0361,-0.785,False,
outlet_7b0d7e5d,10,image_0001_1.jpg,1,0.3487,1.875,False,
outlet_7b0d7e5d,10,image_0003_1.jpg,2,0.3219,1.755,False,
outlet_7b0d7e5d,10,image_0002_1.jpg,3,0.2495,1.399,False,
outlet_7b0d7e5d,10,image_0004.jpg,4,0.1734,0.938,False,
outlet_7b0d7e5d,10,image_0002.jpg,5,0.0816,0.079,False,
outlet_7b0d7e5d,10,image_0004_1.jpg,6,0.0705,-0.079,False,
outlet_7b0d7e5d,10,image_0006.jpg,7,0.0682,-0.115,False,
outlet_7b0d7e5d,10,image_0005.jpg,8,0.0461,-0.53,False,
outlet_7b0d7e5d,10,image_0001.jpg,9,0.0444,-0.568,False,
outlet_7b0d7e5d,10,image_0003.jpg,10,0.0362,-0.781,False,
outlet_7d7b1abc,25,image_0004.jpg,1,0.8294,4.082,True,"Low similarity to the outlet's other 24 photos (multi-region anomaly score 4.1, beyond the folder's normal range)."
outlet_7d7b1abc,25,image_0005.jpg,2,0.2251,1.264,False,
outlet_7d7b1abc,25,image_0014.jpg,3,0.2046,1.142,False,
outlet_7d7b1abc,25,image_0015.jpg,4,0.1654,0.881,False,
outlet_7d7b1abc,25,image_0008.jpg,5,0.1371,0.661,False,
outlet_7d7b1abc,25,image_0021.jpg,6,0.1324,0.62,False,
outlet_7d7b1abc,25,image_0017.jpg,7,0.1286,0.587,False,
outlet_7d7b1abc,25,image_0003.jpg,8,0.1271,0.573,False,
outlet_7d7b1abc,25,image_0001.jpg,9,0.106,0.368,False,
outlet_7d7b1abc,25,image_0009.jpg,10,0.0904,0.191,False,
outlet_7d7b1abc,25,image_0007.jpg,11,0.0807,0.067,False,
outlet_7d7b1abc,25,image_0025.jpg,12,0.0777,0.026,False,
outlet_7d7b1abc,25,image_0012.jpg,13,0.0759,0.0,False,
outlet_7d7b1abc,25,image_0002.jpg,14,0.0435,-0.592,False,
outlet_7d7b1abc,25,image_0019.jpg,15,0.0419,-0.63,False,
outlet_7d7b1abc,25,image_0018.jpg,16,0.0419,-0.63,False,
outlet_7d7b1abc,25,image_0011.jpg,17,0.0401,-0.674,False,
outlet_7d7b1abc,25,image_0013.jpg,18,0.0385,-0.719,False,
outlet_7d7b1abc,25,image_0006.jpg,19,0.035,-0.817,False,
outlet_7d7b1abc,25,image_0023.jpg,20,0.0348,-0.824,False,
outlet_7d7b1abc,25,image_0010.jpg,21,0.0321,-0.906,False,
outlet_7d7b1abc,25,image_0024.jpg,22,0.0268,-1.093,False,
outlet_7d7b1abc,25,image_0022.jpg,23,0.0254,-1.147,False,
outlet_7d7b1abc,25,image_0016.jpg,24,0.0242,-1.198,False,
outlet_7d7b1abc,25,image_0020.jpg,25,0.019,-1.442,False,
outlet_7f1dd575,10,image_0001_1.jpg,1,0.173,0.935,False,
outlet_7f1dd575,10,image_0002.jpg,2,0.1697,0.912,False,
outlet_7f1dd575,10,image_0008.jpg,3,0.1398,0.683,False,
outlet_7f1dd575,10,image_0007.jpg,4,0.1378,0.666,False,
outlet_7f1dd575,10,image_0006.jpg,5,0.0855,0.13,False,
outlet_7f1dd575,10,image_0005.jpg,6,0.0673,-0.13,False,
outlet_7f1dd575,10,image_0009.jpg,7,0.0619,-0.218,False,
outlet_7f1dd575,10,image_0001.jpg,8,0.0453,-0.548,False,
outlet_7f1dd575,10,image_0004.jpg,9,0.036,-0.789,False,
outlet_7f1dd575,10,image_0003.jpg,10,0.0252,-1.157,False,
outlet_8033796b,12,image_0012.jpg,1,1.0,13.063,True,"Low similarity to the outlet's other 11 photos (multi-region anomaly score 13.1, beyond the folder's normal range)."
outlet_8033796b,12,image_0008.jpg,2,0.9951,7.811,True,"Low similarity to the outlet's other 11 photos (multi-region anomaly score 7.8, beyond the folder's normal range)."
outlet_8033796b,12,image_0003.jpg,3,0.1471,0.742,False,
outlet_8033796b,12,image_0009.jpg,4,0.1205,0.512,False,
outlet_8033796b,12,image_0011.jpg,5,0.0944,0.239,False,
outlet_8033796b,12,image_0004.jpg,6,0.0759,0.001,False,
outlet_8033796b,12,image_0010.jpg,7,0.0758,-0.001,False,
outlet_8033796b,12,image_0001.jpg,8,0.0629,-0.201,False,
outlet_8033796b,12,image_0005.jpg,9,0.0428,-0.607,False,
outlet_8033796b,12,image_0002.jpg,10,0.0325,-0.892,False,
outlet_8033796b,12,image_0007.jpg,11,0.0267,-1.096,False,
outlet_8033796b,12,image_0006.jpg,12,0.0212,-1.333,False,
outlet_817272f8,5,image_0003.jpg,1,0.1795,0.98,False,
outlet_817272f8,5,image_0005.jpg,2,0.1586,0.832,False,
outlet_817272f8,5,image_0004.jpg,3,0.0759,0.0,False,
outlet_817272f8,5,image_0002.jpg,4,0.041,-0.651,False,
outlet_817272f8,5,image_0001.jpg,5,0.0401,-0.674,False,
outlet_827dd729,14,image_0001_1.jpg,1,1.0,14.94,True,"Low similarity to the outlet's other 13 photos (multi-region anomaly score 14.9, beyond the folder's normal range)."
outlet_827dd729,14,image_0003.jpg,2,0.9998,11.152,True,"Low similarity to the outlet's other 13 photos (multi-region anomaly score 11.2, beyond the folder's normal range)."
outlet_827dd729,14,image_0012.jpg,3,0.6033,2.919,True,"Low similarity to the outlet's other 13 photos (multi-region anomaly score 2.9, beyond the folder's normal range)."
outlet_827dd729,14,image_0011.jpg,4,0.3488,1.876,False,
outlet_827dd729,14,image_0013.jpg,5,0.1096,0.405,False,
outlet_827dd729,14,image_0005.jpg,6,0.0965,0.264,False,
outlet_827dd729,14,image_0002.jpg,7,0.0883,0.165,False,
outlet_827dd729,14,image_0004.jpg,8,0.0651,-0.165,False,
outlet_827dd729,14,image_0008.jpg,9,0.0555,-0.335,False,
outlet_827dd729,14,image_0007.jpg,10,0.0452,-0.551,False,
outlet_827dd729,14,image_0001.jpg,11,0.0445,-0.568,False,
outlet_827dd729,14,image_0006.jpg,12,0.0362,-0.781,False,
outlet_827dd729,14,image_0010.jpg,13,0.0325,-0.894,False,
outlet_827dd729,14,image_0009.jpg,14,0.02,-1.393,False,
outlet_830a6674,14,image_0006.jpg,1,0.1966,1.092,False,
outlet_830a6674,14,image_0002.jpg,2,0.1755,0.953,False,
outlet_830a6674,14,image_0013.jpg,3,0.1692,0.909,False,
outlet_830a6674,14,image_0012.jpg,4,0.1692,0.909,False,
outlet_830a6674,14,image_0014.jpg,5,0.1692,0.909,False,
outlet_830a6674,14,image_0007.jpg,6,0.1683,0.902,False,
outlet_830a6674,14,image_0011.jpg,7,0.0808,0.068,False,
outlet_830a6674,14,image_0010.jpg,8,0.0712,-0.068,False,
outlet_830a6674,14,image_0005.jpg,9,0.0678,-0.121,False,
outlet_830a6674,14,image_0001.jpg,10,0.0614,-0.227,False,
outlet_830a6674,14,image_0003.jpg,11,0.0577,-0.292,False,
outlet_830a6674,14,image_0004.jpg,12,0.0577,-0.292,False,
outlet_830a6674,14,image_0008.jpg,13,0.0401,-0.674,False,
outlet_830a6674,14,image_0009.jpg,14,0.0401,-0.674,False,
outlet_830ca989,19,image_0016.jpg,1,0.4479,2.291,False,
outlet_830ca989,19,image_0002.jpg,2,0.2063,1.152,False,
outlet_830ca989,19,image_0017.jpg,3,0.1668,0.891,False,
outlet_830ca989,19,image_0001.jpg,4,0.1414,0.696,False,
outlet_830ca989,19,image_0015.jpg,5,0.1326,0.622,False,
outlet_830ca989,19,image_0006.jpg,6,0.1042,0.349,False,
outlet_830ca989,19,image_0018.jpg,7,0.1024,0.329,False,
outlet_830ca989,19,image_0014.jpg,8,0.0926,0.218,False,
outlet_830ca989,19,image_0005.jpg,9,0.0781,0.032,False,
outlet_830ca989,19,image_0007.jpg,10,0.0759,0.0,False,
outlet_830ca989,19,image_0003.jpg,11,0.0642,-0.18,False,
outlet_830ca989,19,image_0013.jpg,12,0.0582,-0.284,False,
outlet_830ca989,19,image_0012.jpg,13,0.0422,-0.623,False,
outlet_830ca989,19,image_0010.jpg,14,0.0401,-0.674,False,
outlet_830ca989,19,image_0019.jpg,15,0.0396,-0.689,False,
outlet_830ca989,19,image_0004.jpg,16,0.0303,-0.965,False,
outlet_830ca989,19,image_0009.jpg,17,0.03,-0.977,False,
outlet_830ca989,19,image_0008.jpg,18,0.0285,-1.03,False,
outlet_830ca989,19,image_0011.jpg,19,0.0229,-1.254,False,
outlet_8543b5b4,10,image_0004_1.jpg,1,0.6004,2.907,True,"Low similarity to the outlet's other 9 photos (multi-region anomaly score 2.9, beyond the folder's normal range)."
outlet_8543b5b4,10,image_0002_1.jpg,2,0.2646,1.478,False,
outlet_8543b5b4,10,image_0003_1.jpg,3,0.1597,0.839,False,
outlet_8543b5b4,10,image_0001_1.jpg,4,0.1402,0.686,False,
outlet_8543b5b4,10,image_0006.jpg,5,0.1108,0.418,False,
outlet_8543b5b4,10,image_0001.jpg,6,0.0513,-0.418,False,
outlet_8543b5b4,10,image_0004.jpg,7,0.0498,-0.448,False,
outlet_8543b5b4,10,image_0005.jpg,8,0.0479,-0.49,False,
outlet_8543b5b4,10,image_0003.jpg,9,0.0406,-0.663,False,
outlet_8543b5b4,10,image_0002.jpg,10,0.0347,-0.826,False,
outlet_867ffca6,15,image_0003.jpg,1,0.9965,8.148,True,"Low similarity to the outlet's other 14 photos (multi-region anomaly score 8.1, beyond the folder's normal range)."
outlet_867ffca6,15,image_0011.jpg,2,0.9779,6.292,True,"Low similarity to the outlet's other 14 photos (multi-region anomaly score 6.3, beyond the folder's normal range)."
outlet_867ffca6,15,image_0002.jpg,3,0.3957,2.077,False,
outlet_867ffca6,15,image_0012.jpg,4,0.1826,1.001,False,
outlet_867ffca6,15,image_0009.jpg,5,0.1388,0.674,False,
outlet_867ffca6,15,image_0013.jpg,6,0.1156,0.465,False,
outlet_867ffca6,15,image_0015.jpg,7,0.081,0.071,False,
outlet_867ffca6,15,image_0010.jpg,8,0.0759,0.0,False,
outlet_867ffca6,15,image_0007.jpg,9,0.0703,-0.082,False,
outlet_867ffca6,15,image_0001.jpg,10,0.0433,-0.595,False,
outlet_867ffca6,15,image_0006.jpg,11,0.0427,-0.609,False,
outlet_867ffca6,15,image_0004.jpg,12,0.0407,-0.661,False,
outlet_867ffca6,15,image_0005.jpg,13,0.0334,-0.866,False,
outlet_867ffca6,15,image_0008.jpg,14,0.0246,-1.182,False,
outlet_867ffca6,15,image_0014.jpg,15,0.0172,-1.548,False,
outlet_875df2f2,13,image_0009.jpg,1,0.3613,1.93,False,
outlet_875df2f2,13,image_0004.jpg,2,0.2449,1.374,False,
outlet_875df2f2,13,image_0006.jpg,3,0.1226,0.532,False,
outlet_875df2f2,13,image_0007.jpg,4,0.1046,0.353,False,
outlet_875df2f2,13,image_0012.jpg,5,0.0987,0.289,False,
outlet_875df2f2,13,image_0005.jpg,6,0.0796,0.052,False,
outlet_875df2f2,13,image_0008.jpg,7,0.0759,0.0,False,
outlet_875df2f2,13,image_0001.jpg,8,0.0572,-0.302,False,
outlet_875df2f2,13,image_0011.jpg,9,0.0401,-0.674,False,
outlet_875df2f2,13,image_0010.jpg,10,0.0385,-0.717,False,
outlet_875df2f2,13,image_0013.jpg,11,0.0359,-0.791,False,
outlet_875df2f2,13,image_0002.jpg,12,0.03,-0.975,False,
outlet_875df2f2,13,image_0003.jpg,13,0.0295,-0.994,False,
outlet_89fe040d,25,image_0002.jpg,1,0.7414,3.553,True,"Low similarity to the outlet's other 24 photos (multi-region anomaly score 3.6, beyond the folder's normal range)."
outlet_89fe040d,25,image_0003.jpg,2,0.7272,3.48,True,"Low similarity to the outlet's other 24 photos (multi-region anomaly score 3.5, beyond the folder's normal range)."
outlet_89fe040d,25,image_0004.jpg,3,0.6939,3.319,True,"Low similarity to the outlet's other 24 photos (multi-region anomaly score 3.3, beyond the folder's normal range)."
outlet_89fe040d,25,image_0007.jpg,4,0.6134,2.962,True,"Low similarity to the outlet's other 24 photos (multi-region anomaly score 3.0, beyond the folder's normal range)."
outlet_89fe040d,25,image_0008.jpg,5,0.6078,2.938,True,"Low similarity to the outlet's other 24 photos (multi-region anomaly score 2.9, beyond the folder's normal range)."
outlet_89fe040d,25,image_0010.jpg,6,0.266,1.485,False,
outlet_89fe040d,25,image_0011.jpg,7,0.242,1.358,False,
outlet_89fe040d,25,image_0001.jpg,8,0.1887,1.041,False,
outlet_89fe040d,25,image_0016.jpg,9,0.1301,0.6,False,
outlet_89fe040d,25,image_0023.jpg,10,0.0987,0.288,False,
outlet_89fe040d,25,image_0009.jpg,11,0.0954,0.251,False,
outlet_89fe040d,25,image_0015.jpg,12,0.0893,0.178,False,
outlet_89fe040d,25,image_0013.jpg,13,0.0759,0.0,False,
outlet_89fe040d,25,image_0014.jpg,14,0.0694,-0.096,False,
outlet_89fe040d,25,image_0025.jpg,15,0.0629,-0.202,False,
outlet_89fe040d,25,image_0006.jpg,16,0.0595,-0.261,False,
outlet_89fe040d,25,image_0005.jpg,17,0.0595,-0.261,False,
outlet_89fe040d,25,image_0019.jpg,18,0.0563,-0.318,False,
outlet_89fe040d,25,image_0017.jpg,19,0.0544,-0.355,False,
outlet_89fe040d,25,image_0022.jpg,20,0.0509,-0.425,False,
outlet_89fe040d,25,image_0021.jpg,21,0.0401,-0.674,False,
outlet_89fe040d,25,image_0024.jpg,22,0.0372,-0.752,False,
outlet_89fe040d,25,image_0018.jpg,23,0.0351,-0.815,False,
outlet_89fe040d,25,image_0020.jpg,24,0.0322,-0.903,False,
outlet_89fe040d,25,image_0012.jpg,25,0.0306,-0.955,False,
outlet_8c4b499e,9,image_0006.jpg,1,0.9008,4.706,True,"Low similarity to the outlet's other 8 photos (multi-region anomaly score 4.7, beyond the folder's normal range)."
outlet_8c4b499e,9,image_0001.jpg,2,0.8941,4.633,True,"Low similarity to the outlet's other 8 photos (multi-region anomaly score 4.6, beyond the folder's normal range)."
outlet_8c4b499e,9,image_0002.jpg,3,0.8732,4.43,True,"Low similarity to the outlet's other 8 photos (multi-region anomaly score 4.4, beyond the folder's normal range)."
outlet_8c4b499e,9,image_0007.jpg,4,0.1071,0.379,False,
outlet_8c4b499e,9,image_0003.jpg,5,0.0759,0.0,False,
outlet_8c4b499e,9,image_0009.jpg,6,0.0532,-0.38,False,
outlet_8c4b499e,9,image_0004.jpg,7,0.042,-0.628,False,
outlet_8c4b499e,9,image_0005.jpg,8,0.0401,-0.674,False,
outlet_8c4b499e,9,image_0008.jpg,9,0.0344,-0.835,False,
outlet_8cae84d2,8,image_0003.jpg,1,0.9865,6.794,True,"Low similarity to the outlet's other 7 photos (multi-region anomaly score 6.8, beyond the folder's normal range)."
outlet_8cae84d2,8,image_0005.jpg,2,0.8812,4.504,True,"Low similarity to the outlet's other 7 photos (multi-region anomaly score 4.5, beyond the folder's normal range)."
outlet_8cae84d2,8,image_0006.jpg,3,0.0982,0.283,False,
outlet_8cae84d2,8,image_0001.jpg,4,0.0957,0.254,False,
outlet_8cae84d2,8,image_0004.jpg,5,0.0598,-0.254,False,
outlet_8cae84d2,8,image_0007.jpg,6,0.0463,-0.524,False,
outlet_8cae84d2,8,image_0002.jpg,7,0.0347,-0.825,False,
outlet_8cae84d2,8,image_0008.jpg,8,0.0022,-3.623,False,
outlet_927fbbbb,8,image_0002_1.jpg,1,0.2979,1.643,False,
outlet_927fbbbb,8,image_0001_1.jpg,2,0.2079,1.162,False,
outlet_927fbbbb,8,image_0004.jpg,3,0.108,0.389,False,
outlet_927fbbbb,8,image_0006.jpg,4,0.0943,0.238,False,
outlet_927fbbbb,8,image_0005.jpg,5,0.0608,-0.238,False,
outlet_927fbbbb,8,image_0001.jpg,6,0.0454,-0.546,False,
outlet_927fbbbb,8,image_0002.jpg,7,0.0355,-0.803,False,
outlet_927fbbbb,8,image_0003.jpg,8,0.0311,-0.94,False,
outlet_9486512c,8,image_0005.jpg,1,0.9975,8.481,True,"Low similarity to the outlet's other 7 photos (multi-region anomaly score 8.5, beyond the folder's normal range)."
outlet_9486512c,8,image_0008.jpg,2,0.547,2.689,True,"Low similarity to the outlet's other 7 photos (multi-region anomaly score 2.7, beyond the folder's normal range)."
outlet_9486512c,8,image_0001.jpg,3,0.1226,0.532,False,
outlet_9486512c,8,image_0002.jpg,4,0.0858,0.134,False,
outlet_9486512c,8,image_0007.jpg,5,0.067,-0.134,False,
outlet_9486512c,8,image_0004.jpg,6,0.051,-0.425,False,
outlet_9486512c,8,image_0003.jpg,7,0.035,-0.817,False,
outlet_9486512c,8,image_0006.jpg,8,0.0289,-1.013,False,
outlet_94a1339f,12,image_0001.jpg,1,0.1986,1.105,False,
outlet_94a1339f,12,image_0003.jpg,2,0.1612,0.85,False,
outlet_94a1339f,12,image_0012.jpg,3,0.1165,0.474,False,
outlet_94a1339f,12,image_0005.jpg,4,0.1154,0.464,False,
outlet_94a1339f,12,image_0006.jpg,5,0.1031,0.337,False,
outlet_94a1339f,12,image_0002.jpg,6,0.0988,0.289,False,
outlet_94a1339f,12,image_0004.jpg,7,0.0579,-0.289,False,
outlet_94a1339f,12,image_0009.jpg,8,0.0475,-0.499,False,
outlet_94a1339f,12,image_0010.jpg,9,0.0294,-0.995,False,
outlet_94a1339f,12,image_0008.jpg,10,0.0197,-1.407,False,
outlet_94a1339f,12,image_0007.jpg,11,0.0186,-1.468,False,
outlet_94a1339f,12,image_0011.jpg,12,0.0178,-1.509,False,
outlet_95569b27,11,image_0005.jpg,1,0.4652,2.361,False,
outlet_95569b27,11,image_0003.jpg,2,0.4148,2.156,False,
outlet_95569b27,11,image_0002.jpg,3,0.1936,1.073,False,
outlet_95569b27,11,image_0004.jpg,4,0.1749,0.949,False,
outlet_95569b27,11,image_0001.jpg,5,0.1743,0.945,False,
outlet_95569b27,11,image_0009.jpg,6,0.0759,0.0,False,
outlet_95569b27,11,image_0011.jpg,7,0.073,-0.041,False,
outlet_95569b27,11,image_0006.jpg,8,0.061,-0.233,False,
outlet_95569b27,11,image_0007.jpg,9,0.0574,-0.299,False,
outlet_95569b27,11,image_0010.jpg,10,0.0467,-0.517,False,
outlet_95569b27,11,image_0008.jpg,11,0.0401,-0.674,False,
outlet_956b57b6,7,image_0003.jpg,1,0.5835,2.837,True,"Low similarity to the outlet's other 6 photos (multi-region anomaly score 2.8, beyond the folder's normal range)."
outlet_956b57b6,7,image_0001.jpg,2,0.26,1.454,False,
outlet_956b57b6,7,image_0004.jpg,3,0.0856,0.132,False,
outlet_956b57b6,7,image_0007.jpg,4,0.0759,0.0,False,
outlet_956b57b6,7,image_0002.jpg,5,0.0465,-0.52,False,
outlet_956b57b6,7,image_0006.jpg,6,0.0401,-0.674,False,
outlet_956b57b6,7,image_0005.jpg,7,0.0399,-0.682,False,
outlet_9587ffc0,12,image_0001.jpg,1,0.6475,3.108,True,"Low similarity to the outlet's other 11 photos (multi-region anomaly score 3.1, beyond the folder's normal range)."
outlet_9587ffc0,12,image_0008.jpg,2,0.3287,1.786,False,
outlet_9587ffc0,12,image_0003.jpg,3,0.1784,0.973,False,
outlet_9587ffc0,12,image_0006.jpg,4,0.1725,0.932,False,
outlet_9587ffc0,12,image_0012.jpg,5,0.1029,0.335,False,
outlet_9587ffc0,12,image_0002.jpg,6,0.0789,0.042,False,
outlet_9587ffc0,12,image_0007.jpg,7,0.0729,-0.042,False,
outlet_9587ffc0,12,image_0004.jpg,8,0.0635,-0.192,False,
outlet_9587ffc0,12,image_0005.jpg,9,0.0556,-0.333,False,
outlet_9587ffc0,12,image_0011.jpg,10,0.0412,-0.648,False,
outlet_9587ffc0,12,image_0010.jpg,11,0.0391,-0.701,False,
outlet_9587ffc0,12,image_0009.jpg,12,0.0288,-1.017,False,
outlet_96903c66,18,image_0017.jpg,1,0.8757,4.453,True,"Low similarity to the outlet's other 17 photos (multi-region anomaly score 4.5, beyond the folder's normal range)."
outlet_96903c66,18,image_0018.jpg,2,0.8737,4.434,True,"Low similarity to the outlet's other 17 photos (multi-region anomaly score 4.4, beyond the folder's normal range)."
outlet_96903c66,18,image_0013.jpg,3,0.3793,2.008,False,
outlet_96903c66,18,image_0014.jpg,4,0.3655,1.948,False,
outlet_96903c66,18,image_0009.jpg,5,0.2142,1.2,False,
outlet_96903c66,18,image_0006.jpg,6,0.1299,0.598,False,
outlet_96903c66,18,image_0005.jpg,7,0.1299,0.598,False,
outlet_96903c66,18,image_0016.jpg,8,0.1104,0.414,False,
outlet_96903c66,18,image_0001.jpg,9,0.0759,0.0,False,
outlet_96903c66,18,image_0002.jpg,10,0.0759,0.0,False,
outlet_96903c66,18,image_0015.jpg,11,0.0683,-0.113,False,
outlet_96903c66,18,image_0004.jpg,12,0.0457,-0.539,False,
outlet_96903c66,18,image_0003.jpg,13,0.0457,-0.539,False,
outlet_96903c66,18,image_0007.jpg,14,0.0401,-0.674,False,
outlet_96903c66,18,image_0008.jpg,15,0.0401,-0.674,False,
outlet_96903c66,18,image_0010.jpg,16,0.0371,-0.757,False,
outlet_96903c66,18,image_0011.jpg,17,0.0371,-0.757,False,
outlet_96903c66,18,image_0012.jpg,18,0.0278,-1.054,False,
outlet_9c031b9b,19,image_0003_1.jpg,1,0.9618,5.727,True,"Low similarity to the outlet's other 18 photos (multi-region anomaly score 5.7, beyond the folder's normal range)."
outlet_9c031b9b,19,image_0001_1.jpg,2,0.9301,5.089,True,"Low similarity to the outlet's other 18 photos (multi-region anomaly score 5.1, beyond the folder's normal range)."
outlet_9c031b9b,19,image_0002_1.jpg,3,0.9259,5.026,True,"Low similarity to the outlet's other 18 photos (multi-region anomaly score 5.0, beyond the folder's normal range)."
outlet_9c031b9b,19,image_0004_1.jpg,4,0.9103,4.817,True,"Low similarity to the outlet's other 18 photos (multi-region anomaly score 4.8, beyond the folder's normal range)."
outlet_9c031b9b,19,image_0010.jpg,5,0.1994,1.11,False,
outlet_9c031b9b,19,image_0012.jpg,6,0.1533,0.791,False,
outlet_9c031b9b,19,image_0011.jpg,7,0.1388,0.674,False,
outlet_9c031b9b,19,image_0005.jpg,8,0.1271,0.573,False,
outlet_9c031b9b,19,image_0003.jpg,9,0.0906,0.194,False,
outlet_9c031b9b,19,image_0008.jpg,10,0.0759,0.0,False,
outlet_9c031b9b,19,image_0006.jpg,11,0.0661,-0.148,False,
outlet_9c031b9b,19,image_0004.jpg,12,0.0636,-0.19,False,
outlet_9c031b9b,19,image_0009.jpg,13,0.0478,-0.492,False,
outlet_9c031b9b,19,image_0015.jpg,14,0.0449,-0.558,False,
outlet_9c031b9b,19,image_0013.jpg,15,0.0429,-0.604,False,
outlet_9c031b9b,19,image_0014.jpg,16,0.0421,-0.625,False,
outlet_9c031b9b,19,image_0007.jpg,17,0.0391,-0.701,False,
outlet_9c031b9b,19,image_0001.jpg,18,0.0325,-0.893,False,
outlet_9c031b9b,19,image_0002.jpg,19,0.031,-0.942,False,
outlet_9e5d2ebe,9,image_0002.jpg,1,0.9991,9.546,True,"Low similarity to the outlet's other 8 photos (multi-region anomaly score 9.5, beyond the folder's normal range)."
outlet_9e5d2ebe,9,image_0009.jpg,2,0.6776,3.243,True,"Low similarity to the outlet's other 8 photos (multi-region anomaly score 3.2, beyond the folder's normal range)."
outlet_9e5d2ebe,9,image_0001.jpg,3,0.252,1.412,False,
outlet_9e5d2ebe,9,image_0003.jpg,4,0.1093,0.402,False,
outlet_9e5d2ebe,9,image_0007.jpg,5,0.0759,0.0,False,
outlet_9e5d2ebe,9,image_0006.jpg,6,0.0759,0.0,False,
outlet_9e5d2ebe,9,image_0008.jpg,7,0.0435,-0.591,False,
outlet_9e5d2ebe,9,image_0005.jpg,8,0.0401,-0.674,False,
outlet_9e5d2ebe,9,image_0004.jpg,9,0.0302,-0.969,False,
outlet_9f1d1b48,22,image_0003.jpg,1,0.5364,2.646,True,"Low similarity to the outlet's other 21 photos (multi-region anomaly score 2.6, beyond the folder's normal range)."
outlet_9f1d1b48,22,image_0006.jpg,2,0.5081,2.532,True,"Low similarity to the outlet's other 21 photos (multi-region anomaly score 2.5, beyond the folder's normal range)."
outlet_9f1d1b48,22,image_0008.jpg,3,0.5051,2.52,True,"Low similarity to the outlet's other 21 photos (multi-region anomaly score 2.5, beyond the folder's normal range)."
outlet_9f1d1b48,22,image_0007.jpg,4,0.4505,2.301,False,
outlet_9f1d1b48,22,image_0002_1.jpg,5,0.2973,1.64,False,
outlet_9f1d1b48,22,image_0003_1.jpg,6,0.2964,1.636,False,
outlet_9f1d1b48,22,image_0004_1.jpg,7,0.2001,1.114,False,
outlet_9f1d1b48,22,image_0001_1.jpg,8,0.1858,1.023,False,
outlet_9f1d1b48,22,image_0011.jpg,9,0.0857,0.133,False,
outlet_9f1d1b48,22,image_0001.jpg,10,0.0831,0.1,False,
outlet_9f1d1b48,22,image_0018.jpg,11,0.0766,0.011,False,
outlet_9f1d1b48,22,image_0014.jpg,12,0.0751,-0.011,False,
outlet_9f1d1b48,22,image_0016.jpg,13,0.067,-0.134,False,
outlet_9f1d1b48,22,image_0017.jpg,14,0.0553,-0.338,False,
outlet_9f1d1b48,22,image_0010.jpg,15,0.0505,-0.434,False,
outlet_9f1d1b48,22,image_0009.jpg,16,0.0503,-0.438,False,
outlet_9f1d1b48,22,image_0015.jpg,17,0.0494,-0.457,False,
outlet_9f1d1b48,22,image_0002.jpg,18,0.0452,-0.55,False,
outlet_9f1d1b48,22,image_0004.jpg,19,0.0401,-0.674,False,
outlet_9f1d1b48,22,image_0005.jpg,20,0.0401,-0.674,False,
outlet_9f1d1b48,22,image_0013.jpg,21,0.0313,-0.934,False,
outlet_9f1d1b48,22,image_0012.jpg,22,0.0273,-1.072,False,
outlet_aa2e6f06,7,image_0004.jpg,1,0.1388,0.674,False,
outlet_aa2e6f06,7,image_0002.jpg,2,0.1375,0.664,False,
outlet_aa2e6f06,7,image_0003.jpg,3,0.1271,0.573,False,
outlet_aa2e6f06,7,image_0001.jpg,4,0.0759,0.0,False,
outlet_aa2e6f06,7,image_0007.jpg,5,0.0371,-0.755,False,
outlet_aa2e6f06,7,image_0005.jpg,6,0.0258,-1.131,False,
outlet_aa2e6f06,7,image_0006.jpg,7,0.0258,-1.131,False,
outlet_aa55187a,15,image_0001_1_1.jpg,1,0.4477,2.29,False,
outlet_aa55187a,15,image_0002_1.jpg,2,0.4409,2.262,False,
outlet_aa55187a,15,image_0003_1.jpg,3,0.2835,1.573,False,
outlet_aa55187a,15,image_0001_1.jpg,4,0.2256,1.267,False,
outlet_aa55187a,15,image_0002.jpg,5,0.1332,0.627,False,
outlet_aa55187a,15,image_0006.jpg,6,0.1067,0.375,False,
outlet_aa55187a,15,image_0004.jpg,7,0.1046,0.353,False,
outlet_aa55187a,15,image_0011.jpg,8,0.0759,0.0,False,
outlet_aa55187a,15,image_0001.jpg,9,0.053,-0.383,False,
outlet_aa55187a,15,image_0007.jpg,10,0.0451,-0.553,False,
outlet_aa55187a,15,image_0008.jpg,11,0.0418,-0.631,False,
outlet_aa55187a,15,image_0009.jpg,12,0.0401,-0.674,False,
outlet_aa55187a,15,image_0003.jpg,13,0.0382,-0.725,False,
outlet_aa55187a,15,image_0010.jpg,14,0.0369,-0.761,False,
outlet_aa55187a,15,image_0005.jpg,15,0.0352,-0.811,False,
outlet_aa9c72d7,20,image_0006.jpg,1,0.9988,9.233,True,"Low similarity to the outlet's other 19 photos (multi-region anomaly score 9.2, beyond the folder's normal range)."
outlet_aa9c72d7,20,image_0005.jpg,2,0.9987,9.151,True,"Low similarity to the outlet's other 19 photos (multi-region anomaly score 9.2, beyond the folder's normal range)."
outlet_aa9c72d7,20,image_0013.jpg,3,0.5684,2.775,True,"Low similarity to the outlet's other 19 photos (multi-region anomaly score 2.8, beyond the folder's normal range)."
outlet_aa9c72d7,20,image_0014.jpg,4,0.3616,1.931,False,
outlet_aa9c72d7,20,image_0011.jpg,5,0.2686,1.498,False,
outlet_aa9c72d7,20,image_0009.jpg,6,0.1928,1.068,False,
outlet_aa9c72d7,20,image_0004.jpg,7,0.1399,0.684,False,
outlet_aa9c72d7,20,image_0017.jpg,8,0.1185,0.493,False,
outlet_aa9c72d7,20,image_0002.jpg,9,0.0892,0.176,False,
outlet_aa9c72d7,20,image_0020.jpg,10,0.0771,0.018,False,
outlet_aa9c72d7,20,image_0008.jpg,11,0.0746,-0.018,False,
outlet_aa9c72d7,20,image_0010.jpg,12,0.0683,-0.113,False,
outlet_aa9c72d7,20,image_0018.jpg,13,0.0603,-0.247,False,
outlet_aa9c72d7,20,image_0019.jpg,14,0.0572,-0.302,False,
outlet_aa9c72d7,20,image_0001.jpg,15,0.0458,-0.536,False,
outlet_aa9c72d7,20,image_0015.jpg,16,0.041,-0.652,False,
outlet_aa9c72d7,20,image_0012.jpg,17,0.0405,-0.665,False,
outlet_aa9c72d7,20,image_0007.jpg,18,0.0336,-0.86,False,
outlet_aa9c72d7,20,image_0003.jpg,19,0.0305,-0.958,False,
outlet_aa9c72d7,20,image_0016.jpg,20,0.0285,-1.027,False,
outlet_ab1e8a98,10,image_0001.jpg,1,0.4518,2.307,False,
outlet_ab1e8a98,10,image_0003.jpg,2,0.3051,1.677,False,
outlet_ab1e8a98,10,image_0008.jpg,3,0.1077,0.385,False,
outlet_ab1e8a98,10,image_0006.jpg,4,0.0813,0.075,False,
outlet_ab1e8a98,10,image_0007.jpg,5,0.0774,0.021,False,
outlet_ab1e8a98,10,image_0010.jpg,6,0.0744,-0.021,False,
outlet_ab1e8a98,10,image_0009.jpg,7,0.0644,-0.176,False,
outlet_ab1e8a98,10,image_0002.jpg,8,0.0304,-0.964,False,
outlet_ab1e8a98,10,image_0005.jpg,9,0.0259,-1.128,False,
outlet_ab1e8a98,10,image_0004.jpg,10,0.0147,-1.704,False,
outlet_abd3f7bb,9,image_0001.jpg,1,0.4803,2.421,False,
outlet_abd3f7bb,9,image_0006.jpg,2,0.1601,0.843,False,
outlet_abd3f7bb,9,image_0009.jpg,3,0.0965,0.263,False,
outlet_abd3f7bb,9,image_0002.jpg,4,0.0827,0.093,False,
outlet_abd3f7bb,9,image_0008.jpg,5,0.0759,0.0,False,
outlet_abd3f7bb,9,image_0007.jpg,6,0.0759,0.0,False,
outlet_abd3f7bb,9,image_0005.jpg,7,0.0401,-0.674,False,
outlet_abd3f7bb,9,image_0004.jpg,8,0.0304,-0.963,False,
outlet_abd3f7bb,9,image_0003.jpg,9,0.0304,-0.963,False,
outlet_ac1973a7,12,image_0012.jpg,1,0.7199,3.444,True,"Low similarity to the outlet's other 11 photos (multi-region anomaly score 3.4, beyond the folder's normal range)."
outlet_ac1973a7,12,image_0002.jpg,2,0.2754,1.533,False,
outlet_ac1973a7,12,image_0001.jpg,3,0.2464,1.382,False,
outlet_ac1973a7,12,image_0006.jpg,4,0.1325,0.621,False,
outlet_ac1973a7,12,image_0007.jpg,5,0.1124,0.433,False,
outlet_ac1973a7,12,image_0005.jpg,6,0.0786,0.038,False,
outlet_ac1973a7,12,image_0011.jpg,7,0.0732,-0.038,False,
outlet_ac1973a7,12,image_0009.jpg,8,0.0645,-0.174,False,
outlet_ac1973a7,12,image_0003.jpg,9,0.0505,-0.433,False,
outlet_ac1973a7,12,image_0004.jpg,10,0.0381,-0.728,False,
outlet_ac1973a7,12,image_0008.jpg,11,0.0348,-0.822,False,
outlet_ac1973a7,12,image_0010.jpg,12,0.0276,-1.062,False,
outlet_ac589c16,6,image_0002.jpg,1,0.3005,1.655,False,
outlet_ac589c16,6,image_0006.jpg,2,0.0942,0.237,False,
outlet_ac589c16,6,image_0003.jpg,3,0.085,0.124,False,
outlet_ac589c16,6,image_0005.jpg,4,0.0676,-0.124,False,
outlet_ac589c16,6,image_0001.jpg,5,0.0263,-1.112,False,
outlet_ac589c16,6,image_0004.jpg,6,0.0189,-1.451,False,
outlet_ac5f17a2,40,image_0001.jpg,1,0.8029,3.904,True,"Low similarity to the outlet's other 39 photos (multi-region anomaly score 3.9, beyond the folder's normal range)."
outlet_ac5f17a2,40,image_0004.jpg,2,0.7171,3.43,True,"Low similarity to the outlet's other 39 photos (multi-region anomaly score 3.4, beyond the folder's normal range)."
outlet_ac5f17a2,40,image_0039.jpg,3,0.6345,3.051,True,"Low similarity to the outlet's other 39 photos (multi-region anomaly score 3.1, beyond the folder's normal range)."
outlet_ac5f17a2,40,image_0020.jpg,4,0.5606,2.743,True,"Low similarity to the outlet's other 39 photos (multi-region anomaly score 2.7, beyond the folder's normal range)."
outlet_ac5f17a2,40,image_0019.jpg,5,0.4333,2.232,False,
outlet_ac5f17a2,40,image_0005.jpg,6,0.2755,1.533,False,
outlet_ac5f17a2,40,image_0009.jpg,7,0.2736,1.523,False,
outlet_ac5f17a2,40,image_0034.jpg,8,0.2726,1.519,False,
outlet_ac5f17a2,40,image_0010.jpg,9,0.2619,1.464,False,
outlet_ac5f17a2,40,image_0025.jpg,10,0.1798,0.982,False,
outlet_ac5f17a2,40,image_0008.jpg,11,0.177,0.963,False,
outlet_ac5f17a2,40,image_0028.jpg,12,0.1525,0.785,False,
outlet_ac5f17a2,40,image_0011.jpg,13,0.124,0.545,False,
outlet_ac5f17a2,40,image_0012.jpg,14,0.1094,0.403,False,
outlet_ac5f17a2,40,image_0038.jpg,15,0.1057,0.365,False,
outlet_ac5f17a2,40,image_0035.jpg,16,0.094,0.234,False,
outlet_ac5f17a2,40,image_0027.jpg,17,0.0915,0.205,False,
outlet_ac5f17a2,40,image_0040.jpg,18,0.0902,0.189,False,
outlet_ac5f17a2,40,image_0032.jpg,19,0.0899,0.185,False,
outlet_ac5f17a2,40,image_0013.jpg,20,0.0768,0.013,False,
outlet_ac5f17a2,40,image_0014.jpg,21,0.0749,-0.013,False,
outlet_ac5f17a2,40,image_0017.jpg,22,0.0646,-0.173,False,
outlet_ac5f17a2,40,image_0036.jpg,23,0.0639,-0.184,False,
outlet_ac5f17a2,40,image_0030.jpg,24,0.0628,-0.202,False,
outlet_ac5f17a2,40,image_0006.jpg,25,0.0618,-0.219,False,
outlet_ac5f17a2,40,image_0023.jpg,26,0.0606,-0.242,False,
outlet_ac5f17a2,40,image_0033.jpg,27,0.0605,-0.242,False,
outlet_ac5f17a2,40,image_0029.jpg,28,0.058,-0.288,False,
outlet_ac5f17a2,40,image_0037.jpg,29,0.0449,-0.557,False,
outlet_ac5f17a2,40,image_0018.jpg,30,0.0426,-0.612,False,
outlet_ac5f17a2,40,image_0021.jpg,31,0.0415,-0.639,False,
outlet_ac5f17a2,40,image_0016.jpg,32,0.0403,-0.671,False,
outlet_ac5f17a2,40,image_0026.jpg,33,0.04,-0.678,False,
outlet_ac5f17a2,40,image_0003.jpg,34,0.0373,-0.751,False,
outlet_ac5f17a2,40,image_0031.jpg,35,0.0352,-0.812,False,
outlet_ac5f17a2,40,image_0007.jpg,36,0.0316,-0.923,False,
outlet_ac5f17a2,40,image_0002.jpg,37,0.0249,-1.168,False,
outlet_ac5f17a2,40,image_0022.jpg,38,0.0228,-1.257,False,
outlet_ac5f17a2,40,image_0015.jpg,39,0.0166,-1.583,False,
outlet_ac5f17a2,40,image_0024.jpg,40,0.0121,-1.905,False,
outlet_ac904859,12,image_0003_1.jpg,1,0.8959,4.653,True,"Low similarity to the outlet's other 11 photos (multi-region anomaly score 4.7, beyond the folder's normal range)."
outlet_ac904859,12,image_0002_1.jpg,2,0.876,4.455,True,"Low similarity to the outlet's other 11 photos (multi-region anomaly score 4.5, beyond the folder's normal range)."
outlet_ac904859,12,image_0001_1.jpg,3,0.867,4.375,True,"Low similarity to the outlet's other 11 photos (multi-region anomaly score 4.4, beyond the folder's normal range)."
outlet_ac904859,12,image_0004.jpg,4,0.8158,3.988,True,"Low similarity to the outlet's other 11 photos (multi-region anomaly score 4.0, beyond the folder's normal range)."
outlet_ac904859,12,image_0008.jpg,5,0.1427,0.707,False,
outlet_ac904859,12,image_0007.jpg,6,0.0789,0.043,False,
outlet_ac904859,12,image_0005.jpg,7,0.0729,-0.043,False,
outlet_ac904859,12,image_0001.jpg,8,0.0713,-0.066,False,
outlet_ac904859,12,image_0006.jpg,9,0.0425,-0.614,False,
outlet_ac904859,12,image_0002.jpg,10,0.0416,-0.638,False,
outlet_ac904859,12,image_0009.jpg,11,0.0414,-0.642,False,
outlet_ac904859,12,image_0003.jpg,12,0.0314,-0.929,False,
outlet_acf74822,15,image_0013.jpg,1,0.8712,4.412,True,"Low similarity to the outlet's other 14 photos (multi-region anomaly score 4.4, beyond the folder's normal range)."
outlet_acf74822,15,image_0006.jpg,2,0.6551,3.142,True,"Low similarity to the outlet's other 14 photos (multi-region anomaly score 3.1, beyond the folder's normal range)."
outlet_acf74822,15,image_0003.jpg,3,0.5782,2.815,True,"Low similarity to the outlet's other 14 photos (multi-region anomaly score 2.8, beyond the folder's normal range)."
outlet_acf74822,15,image_0014.jpg,4,0.4906,2.462,False,
outlet_acf74822,15,image_0010.jpg,5,0.1922,1.064,False,
outlet_acf74822,15,image_0007.jpg,6,0.1388,0.674,False,
outlet_acf74822,15,image_0001.jpg,7,0.0967,0.265,False,
outlet_acf74822,15,image_0004.jpg,8,0.0759,0.0,False,
outlet_acf74822,15,image_0005.jpg,9,0.0712,-0.068,False,
outlet_acf74822,15,image_0015.jpg,10,0.0488,-0.469,False,
outlet_acf74822,15,image_0011.jpg,11,0.0482,-0.483,False,
outlet_acf74822,15,image_0012.jpg,12,0.0475,-0.498,False,
outlet_acf74822,15,image_0008.jpg,13,0.0405,-0.665,False,
outlet_acf74822,15,image_0009.jpg,14,0.0282,-1.04,False,
outlet_acf74822,15,image_0002.jpg,15,0.0167,-1.578,False,
outlet_ad9690eb,17,image_0003.jpg,1,0.3649,1.946,False,
outlet_ad9690eb,17,image_0008.jpg,2,0.2091,1.17,False,
outlet_ad9690eb,17,image_0007.jpg,3,0.1803,0.986,False,
outlet_ad9690eb,17,image_0017.jpg,4,0.1755,0.953,False,
outlet_ad9690eb,17,image_0001.jpg,5,0.1618,0.855,False,
outlet_ad9690eb,17,image_0005.jpg,6,0.1318,0.615,False,
outlet_ad9690eb,17,image_0014.jpg,7,0.1275,0.576,False,
outlet_ad9690eb,17,image_0010.jpg,8,0.1134,0.444,False,
outlet_ad9690eb,17,image_0013.jpg,9,0.0759,0.0,False,
outlet_ad9690eb,17,image_0009.jpg,10,0.0683,-0.113,False,
outlet_ad9690eb,17,image_0004.jpg,11,0.0514,-0.415,False,
outlet_ad9690eb,17,image_0011.jpg,12,0.05,-0.445,False,
outlet_ad9690eb,17,image_0012.jpg,13,0.0408,-0.657,False,
outlet_ad9690eb,17,image_0015.jpg,14,0.0401,-0.674,False,
outlet_ad9690eb,17,image_0016.jpg,15,0.0378,-0.738,False,
outlet_ad9690eb,17,image_0006.jpg,16,0.0346,-0.827,False,
outlet_ad9690eb,17,image_0002.jpg,17,0.0299,-0.98,False,
outlet_aeaf0389,6,image_0001.jpg,1,0.3436,1.853,False,
outlet_aeaf0389,6,image_0002.jpg,2,0.1329,0.625,False,
outlet_aeaf0389,6,image_0006.jpg,3,0.12,0.508,False,
outlet_aeaf0389,6,image_0004.jpg,4,0.0471,-0.508,False,
outlet_aeaf0389,6,image_0003.jpg,5,0.0383,-0.724,False,
outlet_aeaf0389,6,image_0005.jpg,6,0.0308,-0.95,False,
outlet_b2d035ee,15,image_0012.jpg,1,0.7465,3.58,True,"Low similarity to the outlet's other 14 photos (multi-region anomaly score 3.6, beyond the folder's normal range)."
outlet_b2d035ee,15,image_0001.jpg,2,0.2835,1.573,False,
outlet_b2d035ee,15,image_0009.jpg,3,0.1968,1.094,False,
outlet_b2d035ee,15,image_0008.jpg,4,0.1684,0.903,False,
outlet_b2d035ee,15,image_0015.jpg,5,0.1388,0.674,False,
outlet_b2d035ee,15,image_0007.jpg,6,0.1304,0.603,False,
outlet_b2d035ee,15,image_0011.jpg,7,0.0858,0.134,False,
outlet_b2d035ee,15,image_0013.jpg,8,0.0759,0.0,False,
outlet_b2d035ee,15,image_0004.jpg,9,0.0481,-0.486,False,
outlet_b2d035ee,15,image_0003.jpg,10,0.0448,-0.561,False,
outlet_b2d035ee,15,image_0002.jpg,11,0.0448,-0.561,False,
outlet_b2d035ee,15,image_0006.jpg,12,0.0415,-0.641,False,
outlet_b2d035ee,15,image_0014.jpg,13,0.0365,-0.772,False,
outlet_b2d035ee,15,image_0005.jpg,14,0.0312,-0.934,False,
outlet_b2d035ee,15,image_0010.jpg,15,0.0299,-0.978,False,
outlet_b6409886,10,image_0001_1.jpg,1,0.8516,4.247,True,"Low similarity to the outlet's other 9 photos (multi-region anomaly score 4.2, beyond the folder's normal range)."
outlet_b6409886,10,image_0002_1.jpg,2,0.7113,3.402,True,"Low similarity to the outlet's other 9 photos (multi-region anomaly score 3.4, beyond the folder's normal range)."
outlet_b6409886,10,image_0002.jpg,3,0.152,0.781,False,
outlet_b6409886,10,image_0005.jpg,4,0.0951,0.247,False,
outlet_b6409886,10,image_0008.jpg,5,0.0917,0.207,False,
outlet_b6409886,10,image_0001.jpg,6,0.0625,-0.207,False,
outlet_b6409886,10,image_0007.jpg,7,0.0487,-0.473,False,
outlet_b6409886,10,image_0006.jpg,8,0.042,-0.626,False,
outlet_b6409886,10,image_0004.jpg,9,0.0383,-0.723,False,
outlet_b6409886,10,image_0003.jpg,10,0.0368,-0.765,False,
outlet_ba2e645b,14,image_0009.jpg,1,0.3551,1.903,False,
outlet_ba2e645b,14,image_0013.jpg,2,0.283,1.57,False,
outlet_ba2e645b,14,image_0005.jpg,3,0.1898,1.049,False,
outlet_ba2e645b,14,image_0014.jpg,4,0.1402,0.686,False,
outlet_ba2e645b,14,image_0003.jpg,5,0.0898,0.184,False,
outlet_ba2e645b,14,image_0001.jpg,6,0.0868,0.147,False,
outlet_ba2e645b,14,image_0011.jpg,7,0.0763,0.006,False,
outlet_ba2e645b,14,image_0012.jpg,8,0.0754,-0.006,False,
outlet_ba2e645b,14,image_0002.jpg,9,0.0552,-0.341,False,
outlet_ba2e645b,14,image_0004.jpg,10,0.0493,-0.458,False,
outlet_ba2e645b,14,image_0006.jpg,11,0.0406,-0.663,False,
outlet_ba2e645b,14,image_0007.jpg,12,0.0329,-0.881,False,
outlet_ba2e645b,14,image_0008.jpg,13,0.0262,-1.117,False,
outlet_ba2e645b,14,image_0010.jpg,14,0.0245,-1.182,False,
outlet_bb8db053,13,image_0004.jpg,1,0.7688,3.702,True,"Low similarity to the outlet's other 12 photos (multi-region anomaly score 3.7, beyond the folder's normal range)."
outlet_bb8db053,13,image_0006.jpg,2,0.6965,3.331,True,"Low similarity to the outlet's other 12 photos (multi-region anomaly score 3.3, beyond the folder's normal range)."
outlet_bb8db053,13,image_0007.jpg,3,0.6965,3.331,True,"Low similarity to the outlet's other 12 photos (multi-region anomaly score 3.3, beyond the folder's normal range)."
outlet_bb8db053,13,image_0001.jpg,4,0.0955,0.251,False,
outlet_bb8db053,13,image_0013.jpg,5,0.0808,0.069,False,
outlet_bb8db053,13,image_0011.jpg,6,0.0763,0.006,False,
outlet_bb8db053,13,image_0005.jpg,7,0.0759,0.0,False,
outlet_bb8db053,13,image_0008.jpg,8,0.0493,-0.458,False,
outlet_bb8db053,13,image_0002.jpg,9,0.0422,-0.621,False,
outlet_bb8db053,13,image_0003.jpg,10,0.0401,-0.674,False,
outlet_bb8db053,13,image_0009.jpg,11,0.04,-0.678,False,
outlet_bb8db053,13,image_0012.jpg,12,0.0257,-1.134,False,
outlet_bb8db053,13,image_0010.jpg,13,0.021,-1.344,False,
outlet_c0381d55,8,image_0002.jpg,1,0.1555,0.808,False,
outlet_c0381d55,8,image_0001.jpg,2,0.1333,0.628,False,
outlet_c0381d55,8,image_0006.jpg,3,0.0927,0.219,False,
outlet_c0381d55,8,image_0005.jpg,4,0.087,0.149,False,
outlet_c0381d55,8,image_0004.jpg,5,0.066,-0.149,False,
outlet_c0381d55,8,image_0003.jpg,6,0.0384,-0.721,False,
outlet_c0381d55,8,image_0007.jpg,7,0.0312,-0.935,False,
outlet_c0381d55,8,image_0008.jpg,8,0.0246,-1.178,False,
outlet_c2181b07,18,image_0003_1.jpg,1,0.866,4.366,True,"Low similarity to the outlet's other 17 photos (multi-region anomaly score 4.4, beyond the folder's normal range)."
outlet_c2181b07,18,image_0002_1.jpg,2,0.4106,2.138,False,
outlet_c2181b07,18,image_0004_1.jpg,3,0.3051,1.677,False,
outlet_c2181b07,18,image_0001_1.jpg,4,0.2977,1.642,False,
outlet_c2181b07,18,image_0002.jpg,5,0.2818,1.565,False,
outlet_c2181b07,18,image_0013.jpg,6,0.1839,1.01,False,
outlet_c2181b07,18,image_0005.jpg,7,0.1399,0.684,False,
outlet_c2181b07,18,image_0012.jpg,8,0.1046,0.353,False,
outlet_c2181b07,18,image_0006.jpg,9,0.0815,0.078,False,
outlet_c2181b07,18,image_0004.jpg,10,0.0706,-0.078,False,
outlet_c2181b07,18,image_0008.jpg,11,0.0593,-0.263,False,
outlet_c2181b07,18,image_0003.jpg,12,0.059,-0.27,False,
outlet_c2181b07,18,image_0007.jpg,13,0.0561,-0.322,False,
outlet_c2181b07,18,image_0011.jpg,14,0.0474,-0.502,False,
outlet_c2181b07,18,image_0001.jpg,15,0.046,-0.532,False,
outlet_c2181b07,18,image_0009.jpg,16,0.0405,-0.665,False,
outlet_c2181b07,18,image_0010.jpg,17,0.0394,-0.693,False,
outlet_c2181b07,18,image_0014.jpg,18,0.0342,-0.842,False,
outlet_c2fefbb3,8,image_0001.jpg,1,0.2176,1.22,False,
outlet_c2fefbb3,8,image_0008.jpg,2,0.2023,1.128,False,
outlet_c2fefbb3,8,image_0003.jpg,3,0.1837,1.008,False,
outlet_c2fefbb3,8,image_0002.jpg,4,0.1069,0.377,False,
outlet_c2fefbb3,8,image_0007.jpg,5,0.0533,-0.377,False,
outlet_c2fefbb3,8,image_0006.jpg,6,0.0434,-0.593,False,
outlet_c2fefbb3,8,image_0005.jpg,7,0.0407,-0.659,False,
outlet_c2fefbb3,8,image_0004.jpg,8,0.0396,-0.69,False,
outlet_c3b06be2,9,image_0008.jpg,1,0.8814,4.506,True,"Low similarity to the outlet's other 8 photos (multi-region anomaly score 4.5, beyond the folder's normal range)."
outlet_c3b06be2,9,image_0006.jpg,2,0.173,0.936,False,
outlet_c3b06be2,9,image_0003.jpg,3,0.1399,0.684,False,
outlet_c3b06be2,9,image_0007.jpg,4,0.1039,0.346,False,
outlet_c3b06be2,9,image_0001.jpg,5,0.0759,0.0,False,
outlet_c3b06be2,9,image_0005.jpg,6,0.0563,-0.318,False,
outlet_c3b06be2,9,image_0009.jpg,7,0.0528,-0.387,False,
outlet_c3b06be2,9,image_0002.jpg,8,0.0401,-0.674,False,
outlet_c3b06be2,9,image_0004.jpg,9,0.0103,-2.063,False,
outlet_c41e54d1,15,image_0003.jpg,1,0.4402,2.26,False,
outlet_c41e54d1,15,image_0014.jpg,2,0.2468,1.384,False,
outlet_c41e54d1,15,image_0001.jpg,3,0.2074,1.159,False,
outlet_c41e54d1,15,image_0002.jpg,4,0.1893,1.046,False,
outlet_c41e54d1,15,image_0012.jpg,5,0.1383,0.671,False,
outlet_c41e54d1,15,image_0010.jpg,6,0.1062,0.37,False,
outlet_c41e54d1,15,image_0011.jpg,7,0.09,0.186,False,
outlet_c41e54d1,15,image_0015.jpg,8,0.0759,0.0,False,
outlet_c41e54d1,15,image_0013.jpg,9,0.0662,-0.146,False,
outlet_c41e54d1,15,image_0005.jpg,10,0.0533,-0.377,False,
outlet_c41e54d1,15,image_0006.jpg,11,0.0437,-0.585,False,
outlet_c41e54d1,15,image_0009.jpg,12,0.0401,-0.674,False,
outlet_c41e54d1,15,image_0007.jpg,13,0.0302,-0.97,False,
outlet_c41e54d1,15,image_0008.jpg,14,0.0302,-0.97,False,
outlet_c41e54d1,15,image_0004.jpg,15,0.0274,-1.069,False,
outlet_c45b06f5,13,image_0007.jpg,1,0.4043,2.112,False,
outlet_c45b06f5,13,image_0003.jpg,2,0.2483,1.392,False,
outlet_c45b06f5,13,image_0001.jpg,3,0.2461,1.381,False,
outlet_c45b06f5,13,image_0002.jpg,4,0.2062,1.152,False,
outlet_c45b06f5,13,image_0013.jpg,5,0.0855,0.13,False,
outlet_c45b06f5,13,image_0010.jpg,6,0.0792,0.047,False,
outlet_c45b06f5,13,image_0011.jpg,7,0.0759,0.0,False,
outlet_c45b06f5,13,image_0008.jpg,8,0.059,-0.27,False,
outlet_c45b06f5,13,image_0005.jpg,9,0.0521,-0.402,False,
outlet_c45b06f5,13,image_0004.jpg,10,0.0469,-0.512,False,
outlet_c45b06f5,13,image_0009.jpg,11,0.0401,-0.674,False,
outlet_c45b06f5,13,image_0012.jpg,12,0.0385,-0.719,False,
outlet_c45b06f5,13,image_0006.jpg,13,0.0302,-0.971,False,
outlet_c816ff76,13,image_0001_1.jpg,1,0.9876,6.877,True,"Low similarity to the outlet's other 12 photos (multi-region anomaly score 6.9, beyond the folder's normal range)."
outlet_c816ff76,13,image_0012.jpg,2,0.1941,1.076,False,
outlet_c816ff76,13,image_0011.jpg,3,0.1216,0.523,False,
outlet_c816ff76,13,image_0002.jpg,4,0.1047,0.354,False,
outlet_c816ff76,13,image_0010.jpg,5,0.0936,0.229,False,
outlet_c816ff76,13,image_0009.jpg,6,0.0867,0.145,False,
outlet_c816ff76,13,image_0008.jpg,7,0.0759,0.0,False,
outlet_c816ff76,13,image_0006.jpg,8,0.0543,-0.358,False,
outlet_c816ff76,13,image_0007.jpg,9,0.0401,-0.674,False,
outlet_c816ff76,13,image_0004.jpg,10,0.0334,-0.864,False,
outlet_c816ff76,13,image_0003.jpg,11,0.0316,-0.923,False,
outlet_c816ff76,13,image_0005.jpg,12,0.0264,-1.107,False,
outlet_c816ff76,13,image_0001.jpg,13,0.0166,-1.581,False,
outlet_c9465127,11,image_0009.jpg,1,0.998,8.706,True,"Low similarity to the outlet's other 10 photos (multi-region anomaly score 8.7, beyond the folder's normal range)."
outlet_c9465127,11,image_0002.jpg,2,0.6186,2.983,True,"Low similarity to the outlet's other 10 photos (multi-region anomaly score 3.0, beyond the folder's normal range)."
outlet_c9465127,11,image_0010.jpg,3,0.1181,0.49,False,
outlet_c9465127,11,image_0005.jpg,4,0.1099,0.408,False,
outlet_c9465127,11,image_0003.jpg,5,0.1073,0.381,False,
outlet_c9465127,11,image_0001.jpg,6,0.0759,0.0,False,
outlet_c9465127,11,image_0011.jpg,7,0.0546,-0.351,False,
outlet_c9465127,11,image_0008.jpg,8,0.0401,-0.674,False,
outlet_c9465127,11,image_0004.jpg,9,0.0276,-1.062,False,
outlet_c9465127,11,image_0006.jpg,10,0.0175,-1.53,False,
outlet_c9465127,11,image_0007.jpg,11,0.0175,-1.53,False,
outlet_ccbf4451,9,image_0009.jpg,1,0.9412,5.274,True,"Low similarity to the outlet's other 8 photos (multi-region anomaly score 5.3, beyond the folder's normal range)."
outlet_ccbf4451,9,image_0001.jpg,2,0.2912,1.611,False,
outlet_ccbf4451,9,image_0007.jpg,3,0.2742,1.527,False,
outlet_ccbf4451,9,image_0004.jpg,4,0.1633,0.866,False,
outlet_ccbf4451,9,image_0002.jpg,5,0.0759,0.0,False,
outlet_ccbf4451,9,image_0008.jpg,6,0.0576,-0.295,False,
outlet_ccbf4451,9,image_0006.jpg,7,0.0516,-0.411,False,
outlet_ccbf4451,9,image_0003.jpg,8,0.0512,-0.42,False,
outlet_ccbf4451,9,image_0005.jpg,9,0.0401,-0.674,False,
outlet_cf8dc0e2,11,image_0002_1.jpg,1,0.5518,2.708,True,"Low similarity to the outlet's other 10 photos (multi-region anomaly score 2.7, beyond the folder's normal range)."
outlet_cf8dc0e2,11,image_0001_1.jpg,2,0.5332,2.633,True,"Low similarity to the outlet's other 10 photos (multi-region anomaly score 2.6, beyond the folder's normal range)."
outlet_cf8dc0e2,11,image_0007.jpg,3,0.4803,2.421,False,
outlet_cf8dc0e2,11,image_0001.jpg,4,0.2045,1.142,False,
outlet_cf8dc0e2,11,image_0008.jpg,5,0.123,0.536,False,
outlet_cf8dc0e2,11,image_0006.jpg,6,0.0759,0.0,False,
outlet_cf8dc0e2,11,image_0002.jpg,7,0.0613,-0.229,False,
outlet_cf8dc0e2,11,image_0004.jpg,8,0.0452,-0.55,False,
outlet_cf8dc0e2,11,image_0009.jpg,9,0.0431,-0.601,False,
outlet_cf8dc0e2,11,image_0005.jpg,10,0.0401,-0.674,False,
outlet_cf8dc0e2,11,image_0003.jpg,11,0.0369,-0.763,False,
outlet_d1358ee8,6,image_0006.jpg,1,0.1546,0.801,False,
outlet_d1358ee8,6,image_0003.jpg,2,0.1243,0.548,False,
outlet_d1358ee8,6,image_0005.jpg,3,0.1217,0.523,False,
outlet_d1358ee8,6,image_0004.jpg,4,0.0464,-0.523,False,
outlet_d1358ee8,6,image_0002.jpg,5,0.0306,-0.957,False,
outlet_d1358ee8,6,image_0001.jpg,6,0.0228,-1.258,False,
outlet_d24e34d8,6,image_0004.jpg,1,0.5851,2.844,True,"Low similarity to the outlet's other 5 photos (multi-region anomaly score 2.8, beyond the folder's normal range)."
outlet_d24e34d8,6,image_0003.jpg,2,0.1126,0.435,False,
outlet_d24e34d8,6,image_0005.jpg,3,0.076,0.002,False,
outlet_d24e34d8,6,image_0001.jpg,4,0.0757,-0.002,False,
outlet_d24e34d8,6,image_0006.jpg,5,0.0319,-0.914,False,
outlet_d24e34d8,6,image_0002.jpg,6,0.0149,-1.693,False,
outlet_d301c743,6,image_0001.jpg,1,0.1497,0.763,False,
outlet_d301c743,6,image_0003.jpg,2,0.1285,0.586,False,
outlet_d301c743,6,image_0002.jpg,3,0.1017,0.321,False,
outlet_d301c743,6,image_0005.jpg,4,0.0562,-0.321,False,
outlet_d301c743,6,image_0004.jpg,5,0.031,-0.944,False,
outlet_d301c743,6,image_0006.jpg,6,0.0072,-2.425,False,
outlet_d371a9c7,6,image_0002.jpg,1,0.2447,1.373,False,
outlet_d371a9c7,6,image_0003.jpg,2,0.1933,1.071,False,
outlet_d371a9c7,6,image_0005.jpg,3,0.1077,0.386,False,
outlet_d371a9c7,6,image_0006.jpg,4,0.0529,-0.386,False,
outlet_d371a9c7,6,image_0004.jpg,5,0.0452,-0.551,False,
outlet_d371a9c7,6,image_0001.jpg,6,0.0356,-0.798,False,
outlet_d41a1422,8,image_0002_1.jpg,1,0.5701,2.782,True,"Low similarity to the outlet's other 7 photos (multi-region anomaly score 2.8, beyond the folder's normal range)."
outlet_d41a1422,8,image_0001_1.jpg,2,0.5402,2.661,True,"Low similarity to the outlet's other 7 photos (multi-region anomaly score 2.7, beyond the folder's normal range)."
outlet_d41a1422,8,image_0006.jpg,3,0.2329,1.308,False,
outlet_d41a1422,8,image_0005.jpg,4,0.1024,0.33,False,
outlet_d41a1422,8,image_0004.jpg,5,0.0557,-0.33,False,
outlet_d41a1422,8,image_0003.jpg,6,0.0524,-0.395,False,
outlet_d41a1422,8,image_0001.jpg,7,0.0506,-0.431,False,
outlet_d41a1422,8,image_0002.jpg,8,0.0317,-0.918,False,
outlet_d5d1af09,7,image_0002.jpg,1,0.3745,1.987,False,
outlet_d5d1af09,7,image_0006.jpg,2,0.1441,0.719,False,
outlet_d5d1af09,7,image_0001.jpg,3,0.0878,0.159,False,
outlet_d5d1af09,7,image_0007.jpg,4,0.0759,0.0,False,
outlet_d5d1af09,7,image_0003.jpg,5,0.0617,-0.222,False,
outlet_d5d1af09,7,image_0004.jpg,6,0.0401,-0.674,False,
outlet_d5d1af09,7,image_0005.jpg,7,0.0266,-1.099,False,
outlet_d8c2f00a,12,image_0008.jpg,1,0.506,2.524,True,"Low similarity to the outlet's other 11 photos (multi-region anomaly score 2.5, beyond the folder's normal range)."
outlet_d8c2f00a,12,image_0009.jpg,2,0.26,1.454,False,
outlet_d8c2f00a,12,image_0012.jpg,3,0.1945,1.079,False,
outlet_d8c2f00a,12,image_0001.jpg,4,0.1197,0.505,False,
outlet_d8c2f00a,12,image_0004.jpg,5,0.1189,0.498,False,
outlet_d8c2f00a,12,image_0005.jpg,6,0.0788,0.041,False,
outlet_d8c2f00a,12,image_0006.jpg,7,0.0731,-0.041,False,
outlet_d8c2f00a,12,image_0011.jpg,8,0.055,-0.344,False,
outlet_d8c2f00a,12,image_0007.jpg,9,0.0408,-0.657,False,
outlet_d8c2f00a,12,image_0010.jpg,10,0.0395,-0.692,False,
outlet_d8c2f00a,12,image_0003.jpg,11,0.0157,-1.638,False,
outlet_d8c2f00a,12,image_0002.jpg,12,0.0061,-2.597,False,
outlet_d993a28a,27,image_0012.jpg,1,0.4017,2.102,False,
outlet_d993a28a,27,image_0017.jpg,2,0.2854,1.582,False,
outlet_d993a28a,27,image_0009.jpg,3,0.2739,1.525,False,
outlet_d993a28a,27,image_0018.jpg,4,0.2534,1.419,False,
outlet_d993a28a,27,image_0022.jpg,5,0.2382,1.337,False,
outlet_d993a28a,27,image_0013.jpg,6,0.2366,1.329,False,
outlet_d993a28a,27,image_0021.jpg,7,0.1903,1.052,False,
outlet_d993a28a,27,image_0010.jpg,8,0.1694,0.91,False,
outlet_d993a28a,27,image_0011.jpg,9,0.1545,0.8,False,
outlet_d993a28a,27,image_0002.jpg,10,0.1422,0.703,False,
outlet_d993a28a,27,image_0015.jpg,11,0.1388,0.674,False,
outlet_d993a28a,27,image_0008.jpg,12,0.1261,0.564,False,
outlet_d993a28a,27,image_0003.jpg,13,0.1227,0.533,False,
outlet_d993a28a,27,image_0001.jpg,14,0.0759,0.0,False,
outlet_d993a28a,27,image_0027.jpg,15,0.0654,-0.16,False,
outlet_d993a28a,27,image_0020.jpg,16,0.0635,-0.191,False,
outlet_d993a28a,27,image_0004.jpg,17,0.0629,-0.202,False,
outlet_d993a28a,27,image_0019.jpg,18,0.0624,-0.21,False,
outlet_d993a28a,27,image_0014.jpg,19,0.0572,-0.302,False,
outlet_d993a28a,27,image_0026.jpg,20,0.0567,-0.312,False,
outlet_d993a28a,27,image_0023.jpg,21,0.0552,-0.339,False,
outlet_d993a28a,27,image_0016.jpg,22,0.0536,-0.371,False,
outlet_d993a28a,27,image_0025.jpg,23,0.0527,-0.389,False,
outlet_d993a28a,27,image_0024.jpg,24,0.0428,-0.607,False,
outlet_d993a28a,27,image_0005.jpg,25,0.037,-0.76,False,
outlet_d993a28a,27,image_0006.jpg,26,0.037,-0.76,False,
outlet_d993a28a,27,image_0007.jpg,27,0.0361,-0.784,False,
outlet_db0cff8a,16,image_0007.jpg,1,0.5105,2.542,True,"Low similarity to the outlet's other 15 photos (multi-region anomaly score 2.5, beyond the folder's normal range)."
outlet_db0cff8a,16,image_0002.jpg,2,0.2361,1.326,False,
outlet_db0cff8a,16,image_0013.jpg,3,0.165,0.878,False,
outlet_db0cff8a,16,image_0015.jpg,4,0.1418,0.7,False,
outlet_db0cff8a,16,image_0001.jpg,5,0.1315,0.613,False,
outlet_db0cff8a,16,image_0010.jpg,6,0.1136,0.445,False,
outlet_db0cff8a,16,image_0014.jpg,7,0.1108,0.417,False,
outlet_db0cff8a,16,image_0009.jpg,8,0.0855,0.13,False,
outlet_db0cff8a,16,image_0012.jpg,9,0.0672,-0.13,False,
outlet_db0cff8a,16,image_0003.jpg,10,0.0558,-0.329,False,
outlet_db0cff8a,16,image_0011.jpg,11,0.0472,-0.506,False,
outlet_db0cff8a,16,image_0005.jpg,12,0.0411,-0.649,False,
outlet_db0cff8a,16,image_0006.jpg,13,0.0345,-0.83,False,
outlet_db0cff8a,16,image_0004.jpg,14,0.0309,-0.947,False,
outlet_db0cff8a,16,image_0008.jpg,15,0.0278,-1.055,False,
outlet_db0cff8a,16,image_0016.jpg,16,0.0263,-1.113,False,
outlet_de743a96,11,image_0004.jpg,1,0.2406,1.351,False,
outlet_de743a96,11,image_0007.jpg,2,0.2114,1.184,False,
outlet_de743a96,11,image_0003.jpg,3,0.1429,0.709,False,
outlet_de743a96,11,image_0010.jpg,4,0.1388,0.674,False,
outlet_de743a96,11,image_0002.jpg,5,0.1094,0.403,False,
outlet_de743a96,11,image_0001.jpg,6,0.0759,0.0,False,
outlet_de743a96,11,image_0006.jpg,7,0.0757,-0.003,False,
outlet_de743a96,11,image_0011.jpg,8,0.0536,-0.371,False,
outlet_de743a96,11,image_0005.jpg,9,0.0474,-0.5,False,
outlet_de743a96,11,image_0009.jpg,10,0.0316,-0.922,False,
outlet_de743a96,11,image_0008.jpg,11,0.0281,-1.044,False,
outlet_def72cf4,15,image_0001.jpg,1,0.9901,7.106,True,"Low similarity to the outlet's other 14 photos (multi-region anomaly score 7.1, beyond the folder's normal range)."
outlet_def72cf4,15,image_0008.jpg,2,0.7533,3.616,True,"Low similarity to the outlet's other 14 photos (multi-region anomaly score 3.6, beyond the folder's normal range)."
outlet_def72cf4,15,image_0006.jpg,3,0.6125,2.958,True,"Low similarity to the outlet's other 14 photos (multi-region anomaly score 3.0, beyond the folder's normal range)."
outlet_def72cf4,15,image_0001_1.jpg,4,0.5877,2.854,True,"Low similarity to the outlet's other 14 photos (multi-region anomaly score 2.9, beyond the folder's normal range)."
outlet_def72cf4,15,image_0010.jpg,5,0.3098,1.699,False,
outlet_def72cf4,15,image_0005.jpg,6,0.1367,0.657,False,
outlet_def72cf4,15,image_0003.jpg,7,0.1267,0.57,False,
outlet_def72cf4,15,image_0014.jpg,8,0.0759,0.0,False,
outlet_def72cf4,15,image_0013.jpg,9,0.056,-0.325,False,
outlet_def72cf4,15,image_0011.jpg,10,0.0557,-0.33,False,
outlet_def72cf4,15,image_0007.jpg,11,0.0529,-0.384,False,
outlet_def72cf4,15,image_0012.jpg,12,0.0515,-0.414,False,
outlet_def72cf4,15,image_0004.jpg,13,0.0401,-0.674,False,
outlet_def72cf4,15,image_0002.jpg,14,0.0309,-0.946,False,
outlet_def72cf4,15,image_0009.jpg,15,0.0243,-1.193,False,
outlet_e1278646,13,image_0001_1.jpg,1,0.5721,2.791,True,"Low similarity to the outlet's other 12 photos (multi-region anomaly score 2.8, beyond the folder's normal range)."
outlet_e1278646,13,image_0003_1.jpg,2,0.5184,2.574,True,"Low similarity to the outlet's other 12 photos (multi-region anomaly score 2.6, beyond the folder's normal range)."
outlet_e1278646,13,image_0002_1.jpg,3,0.4664,2.365,False,
outlet_e1278646,13,image_0002.jpg,4,0.2808,1.559,False,
outlet_e1278646,13,image_0001.jpg,5,0.1471,0.743,False,
outlet_e1278646,13,image_0003.jpg,6,0.1125,0.434,False,
outlet_e1278646,13,image_0010.jpg,7,0.0759,0.0,False,
outlet_e1278646,13,image_0006.jpg,8,0.0686,-0.108,False,
outlet_e1278646,13,image_0007.jpg,9,0.065,-0.166,False,
outlet_e1278646,13,image_0009.jpg,10,0.0621,-0.215,False,
outlet_e1278646,13,image_0005.jpg,11,0.0469,-0.512,False,
outlet_e1278646,13,image_0008.jpg,12,0.0401,-0.674,False,
outlet_e1278646,13,image_0004.jpg,13,0.0356,-0.8,False,
outlet_e181d85d,18,image_0003_1.jpg,1,0.49,2.46,False,
outlet_e181d85d,18,image_0002_1.jpg,2,0.4152,2.158,False,
outlet_e181d85d,18,image_0001_1.jpg,3,0.4,2.094,False,
outlet_e181d85d,18,image_0012.jpg,4,0.3589,1.92,False,
outlet_e181d85d,18,image_0003.jpg,5,0.2073,1.159,False,
outlet_e181d85d,18,image_0001.jpg,6,0.1584,0.83,False,
outlet_e181d85d,18,image_0013.jpg,7,0.1056,0.363,False,
outlet_e181d85d,18,image_0006.jpg,8,0.0998,0.301,False,
outlet_e181d85d,18,image_0002.jpg,9,0.0895,0.18,False,
outlet_e181d85d,18,image_0007.jpg,10,0.0642,-0.18,False,
outlet_e181d85d,18,image_0004.jpg,11,0.057,-0.307,False,
outlet_e181d85d,18,image_0015.jpg,12,0.0557,-0.33,False,
outlet_e181d85d,18,image_0008.jpg,13,0.0538,-0.366,False,
outlet_e181d85d,18,image_0010.jpg,14,0.0497,-0.45,False,
outlet_e181d85d,18,image_0009.jpg,15,0.0412,-0.648,False,
outlet_e181d85d,18,image_0011.jpg,16,0.0391,-0.701,False,
outlet_e181d85d,18,image_0014.jpg,17,0.0283,-1.034,False,
outlet_e181d85d,18,image_0005.jpg,18,0.0244,-1.187,False,
outlet_e3490c34,13,image_0010.jpg,1,0.2332,1.31,False,
outlet_e3490c34,13,image_0008.jpg,2,0.1784,0.973,False,
outlet_e3490c34,13,image_0007.jpg,3,0.1489,0.757,False,
outlet_e3490c34,13,image_0003.jpg,4,0.1457,0.731,False,
outlet_e3490c34,13,image_0011.jpg,5,0.1054,0.361,False,
outlet_e3490c34,13,image_0009.jpg,6,0.1044,0.351,False,
outlet_e3490c34,13,image_0012.jpg,7,0.0759,0.0,False,
outlet_e3490c34,13,image_0005.jpg,8,0.0645,-0.175,False,
outlet_e3490c34,13,image_0002.jpg,9,0.0513,-0.417,False,
outlet_e3490c34,13,image_0001.jpg,10,0.0465,-0.52,False,
outlet_e3490c34,13,image_0006.jpg,11,0.0401,-0.674,False,
outlet_e3490c34,13,image_0004.jpg,12,0.0384,-0.721,False,
outlet_e3490c34,13,image_0013.jpg,13,0.0373,-0.751,False,
outlet_e72326eb,17,image_0012.jpg,1,0.513,2.552,True,"Low similarity to the outlet's other 16 photos (multi-region anomaly score 2.6, beyond the folder's normal range)."
outlet_e72326eb,17,image_0004.jpg,2,0.3505,1.883,False,
outlet_e72326eb,17,image_0005.jpg,3,0.1958,1.087,False,
outlet_e72326eb,17,image_0011.jpg,4,0.1642,0.873,False,
outlet_e72326eb,17,image_0013.jpg,5,0.1631,0.865,False,
outlet_e72326eb,17,image_0016.jpg,6,0.1388,0.674,False,
outlet_e72326eb,17,image_0017.jpg,7,0.1273,0.575,False,
outlet_e72326eb,17,image_0007.jpg,8,0.0873,0.153,False,
outlet_e72326eb,17,image_0001.jpg,9,0.0759,0.0,False,
outlet_e72326eb,17,image_0009.jpg,10,0.0685,-0.11,False,
outlet_e72326eb,17,image_0003.jpg,11,0.0542,-0.359,False,
outlet_e72326eb,17,image_0015.jpg,12,0.0522,-0.398,False,
outlet_e72326eb,17,image_0002.jpg,13,0.0506,-0.432,False,
outlet_e72326eb,17,image_0014.jpg,14,0.0411,-0.649,False,
outlet_e72326eb,17,image_0008.jpg,15,0.0386,-0.715,False,
outlet_e72326eb,17,image_0010.jpg,16,0.0158,-1.631,False,
outlet_e72326eb,17,image_0006.jpg,17,0.0113,-1.968,False,
outlet_e9f9a70d,16,image_0002.jpg,1,1.0,14.628,True,"Low similarity to the outlet's other 15 photos (multi-region anomaly score 14.6, beyond the folder's normal range)."
outlet_e9f9a70d,16,image_0013.jpg,2,0.744,3.567,True,"Low similarity to the outlet's other 15 photos (multi-region anomaly score 3.6, beyond the folder's normal range)."
outlet_e9f9a70d,16,image_0016.jpg,3,0.4999,2.499,False,
outlet_e9f9a70d,16,image_0015.jpg,4,0.2282,1.282,False,
outlet_e9f9a70d,16,image_0003.jpg,5,0.1423,0.704,False,
outlet_e9f9a70d,16,image_0014.jpg,6,0.1353,0.645,False,
outlet_e9f9a70d,16,image_0009.jpg,7,0.1186,0.494,False,
outlet_e9f9a70d,16,image_0006.jpg,8,0.0795,0.051,False,
outlet_e9f9a70d,16,image_0008.jpg,9,0.0723,-0.051,False,
outlet_e9f9a70d,16,image_0010.jpg,10,0.0645,-0.174,False,
outlet_e9f9a70d,16,image_0001.jpg,11,0.0556,-0.332,False,
outlet_e9f9a70d,16,image_0007.jpg,12,0.0532,-0.379,False,
outlet_e9f9a70d,16,image_0005.jpg,13,0.0518,-0.407,False,
outlet_e9f9a70d,16,image_0012.jpg,14,0.0269,-1.09,False,
outlet_e9f9a70d,16,image_0011.jpg,15,0.0191,-1.438,False,
outlet_e9f9a70d,16,image_0004.jpg,16,0.0174,-1.535,False,
outlet_ec938d8d,10,image_0004.jpg,1,0.2453,1.376,False,
outlet_ec938d8d,10,image_0003.jpg,2,0.1295,0.594,False,
outlet_ec938d8d,10,image_0005.jpg,3,0.1198,0.506,False,
outlet_ec938d8d,10,image_0002.jpg,4,0.1035,0.341,False,
outlet_ec938d8d,10,image_0009.jpg,5,0.102,0.324,False,
outlet_ec938d8d,10,image_0010.jpg,6,0.056,-0.324,False,
outlet_ec938d8d,10,image_0007.jpg,7,0.0372,-0.755,False,
outlet_ec938d8d,10,image_0008.jpg,8,0.0367,-0.769,False,
outlet_ec938d8d,10,image_0001.jpg,9,0.0317,-0.918,False,
outlet_ec938d8d,10,image_0006.jpg,10,0.0287,-1.022,False,
outlet_ed090717,9,image_0001.jpg,1,0.2016,1.123,False,
outlet_ed090717,9,image_0003.jpg,2,0.199,1.107,False,
outlet_ed090717,9,image_0006.jpg,3,0.1443,0.72,False,
outlet_ed090717,9,image_0002.jpg,4,0.1388,0.674,False,
outlet_ed090717,9,image_0005.jpg,5,0.0759,0.0,False,
outlet_ed090717,9,image_0004.jpg,6,0.0719,-0.058,False,
outlet_ed090717,9,image_0008.jpg,7,0.0638,-0.186,False,
outlet_ed090717,9,image_0009.jpg,8,0.0502,-0.44,False,
outlet_ed090717,9,image_0007.jpg,9,0.0357,-0.796,False,
outlet_eef1223c,16,image_0008.jpg,1,0.5172,2.569,True,"Low similarity to the outlet's other 15 photos (multi-region anomaly score 2.6, beyond the folder's normal range)."
outlet_eef1223c,16,image_0002.jpg,2,0.433,2.23,False,
outlet_eef1223c,16,image_0013.jpg,3,0.3066,1.684,False,
outlet_eef1223c,16,image_0012.jpg,4,0.3066,1.684,False,
outlet_eef1223c,16,image_0006.jpg,5,0.1217,0.523,False,
outlet_eef1223c,16,image_0005.jpg,6,0.1185,0.494,False,
outlet_eef1223c,16,image_0001.jpg,7,0.1115,0.424,False,
outlet_eef1223c,16,image_0004.jpg,8,0.0921,0.211,False,
outlet_eef1223c,16,image_0010.jpg,9,0.0623,-0.211,False,
outlet_eef1223c,16,image_0016.jpg,10,0.0591,-0.267,False,
outlet_eef1223c,16,image_0003.jpg,11,0.0502,-0.441,False,
outlet_eef1223c,16,image_0007.jpg,12,0.0439,-0.58,False,
outlet_eef1223c,16,image_0011.jpg,13,0.0367,-0.769,False,
outlet_eef1223c,16,image_0014.jpg,14,0.0317,-0.921,False,
outlet_eef1223c,16,image_0015.jpg,15,0.0317,-0.921,False,
outlet_eef1223c,16,image_0009.jpg,16,0.0219,-1.298,False,
outlet_ef7a091c,6,image_0004.jpg,1,1.0,19.113,True,"Low similarity to the outlet's other 5 photos (multi-region anomaly score 19.1, beyond the folder's normal range)."
outlet_ef7a091c,6,image_0002.jpg,2,0.1514,0.776,False,
outlet_ef7a091c,6,image_0003.jpg,3,0.104,0.346,False,
outlet_ef7a091c,6,image_0006.jpg,4,0.0549,-0.346,False,
outlet_ef7a091c,6,image_0001.jpg,5,0.0443,-0.573,False,
outlet_ef7a091c,6,image_0005.jpg,6,0.0023,-3.567,False,
outlet_f02e170e,6,image_0004.jpg,1,0.6258,3.014,True,"Low similarity to the outlet's other 5 photos (multi-region anomaly score 3.0, beyond the folder's normal range)."
outlet_f02e170e,6,image_0001.jpg,2,0.6171,2.977,True,"Low similarity to the outlet's other 5 photos (multi-region anomaly score 3.0, beyond the folder's normal range)."
outlet_f02e170e,6,image_0005.jpg,3,0.1046,0.353,False,
outlet_f02e170e,6,image_0003.jpg,4,0.0545,-0.353,False,
outlet_f02e170e,6,image_0002.jpg,5,0.0435,-0.59,False,
outlet_f02e170e,6,image_0006.jpg,6,0.037,-0.759,False,
outlet_f55150ab,10,image_0002.jpg,1,0.9996,10.236,True,"Low similarity to the outlet's other 9 photos (multi-region anomaly score 10.2, beyond the folder's normal range)."
outlet_f55150ab,10,image_0005.jpg,2,0.9491,5.426,True,"Low similarity to the outlet's other 9 photos (multi-region anomaly score 5.4, beyond the folder's normal range)."
outlet_f55150ab,10,image_0004.jpg,3,0.4064,2.121,False,
outlet_f55150ab,10,image_0008.jpg,4,0.1595,0.838,False,
outlet_f55150ab,10,image_0007.jpg,5,0.0941,0.236,False,
outlet_f55150ab,10,image_0001.jpg,6,0.0609,-0.236,False,
outlet_f55150ab,10,image_0010.jpg,7,0.0599,-0.253,False,
outlet_f55150ab,10,image_0009.jpg,8,0.0599,-0.253,False,
outlet_f55150ab,10,image_0003.jpg,9,0.0469,-0.511,False,
outlet_f55150ab,10,image_0006.jpg,10,0.0096,-2.138,False,
outlet_f5ebfe3f,9,image_0009.jpg,1,0.4904,2.462,False,
outlet_f5ebfe3f,9,image_0001.jpg,2,0.3949,2.073,False,
outlet_f5ebfe3f,9,image_0008.jpg,3,0.1388,0.674,False,
outlet_f5ebfe3f,9,image_0002.jpg,4,0.0793,0.049,False,
outlet_f5ebfe3f,9,image_0003.jpg,5,0.0759,0.0,False,
outlet_f5ebfe3f,9,image_0005.jpg,6,0.0563,-0.319,False,
outlet_f5ebfe3f,9,image_0007.jpg,7,0.0428,-0.607,False,
outlet_f5ebfe3f,9,image_0006.jpg,8,0.0281,-1.044,False,
outlet_f5ebfe3f,9,image_0004.jpg,9,0.0252,-1.154,False,
outlet_f8b4c480,13,image_0009.jpg,1,0.3343,1.811,False,
outlet_f8b4c480,13,image_0003.jpg,2,0.2142,1.2,False,
outlet_f8b4c480,13,image_0008.jpg,3,0.1494,0.76,False,
outlet_f8b4c480,13,image_0006.jpg,4,0.1387,0.674,False,
outlet_f8b4c480,13,image_0013.jpg,5,0.1036,0.342,False,
outlet_f8b4c480,13,image_0002.jpg,6,0.0804,0.063,False,
outlet_f8b4c480,13,image_0004.jpg,7,0.0759,0.0,False,
outlet_f8b4c480,13,image_0010.jpg,8,0.0571,-0.304,False,
outlet_f8b4c480,13,image_0011.jpg,9,0.0433,-0.595,False,
outlet_f8b4c480,13,image_0012.jpg,10,0.0401,-0.674,False,
outlet_f8b4c480,13,image_0005.jpg,11,0.0327,-0.887,False,
outlet_f8b4c480,13,image_0007.jpg,12,0.0325,-0.895,False,
outlet_f8b4c480,13,image_0001.jpg,13,0.0267,-1.097,False,
outlet_fe059a3c,17,image_0005.jpg,1,0.9994,9.919,True,"Low similarity to the outlet's other 16 photos (multi-region anomaly score 9.9, beyond the folder's normal range)."
outlet_fe059a3c,17,image_0001.jpg,2,0.3526,1.892,False,
outlet_fe059a3c,17,image_0007.jpg,3,0.3196,1.744,False,
outlet_fe059a3c,17,image_0014.jpg,4,0.1856,1.021,False,
outlet_fe059a3c,17,image_0009.jpg,5,0.1639,0.87,False,
outlet_fe059a3c,17,image_0010.jpg,6,0.1216,0.523,False,
outlet_fe059a3c,17,image_0008.jpg,7,0.1109,0.419,False,
outlet_fe059a3c,17,image_0004.jpg,8,0.0909,0.197,False,
outlet_fe059a3c,17,image_0017.jpg,9,0.0759,0.0,False,
outlet_fe059a3c,17,image_0013.jpg,10,0.0752,-0.009,False,
outlet_fe059a3c,17,image_0003.jpg,11,0.0748,-0.015,False,
outlet_fe059a3c,17,image_0011.jpg,12,0.0637,-0.188,False,
outlet_fe059a3c,17,image_0016.jpg,13,0.0497,-0.451,False,
outlet_fe059a3c,17,image_0015.jpg,14,0.0401,-0.674,False,
outlet_fe059a3c,17,image_0002.jpg,15,0.0349,-0.818,False,
outlet_fe059a3c,17,image_0006.jpg,16,0.0318,-0.914,False,
outlet_fe059a3c,17,image_0012.jpg,17,0.0191,-1.439,False,
outlet_ff5c6fd3,10,image_0010.jpg,1,0.3062,1.682,False,
outlet_ff5c6fd3,10,image_0005.jpg,2,0.2566,1.437,False,
outlet_ff5c6fd3,10,image_0004.jpg,3,0.1168,0.476,False,
outlet_ff5c6fd3,10,image_0008.jpg,4,0.1088,0.397,False,
outlet_ff5c6fd3,10,image_0007.jpg,5,0.0819,0.084,False,
outlet_ff5c6fd3,10,image_0009.jpg,6,0.0702,-0.084,False,
outlet_ff5c6fd3,10,image_0003.jpg,7,0.052,-0.402,False,
outlet_ff5c6fd3,10,image_0006.jpg,8,0.0332,-0.873,False,
outlet_ff5c6fd3,10,image_0001.jpg,9,0.03,-0.977,False,
outlet_ff5c6fd3,10,image_0002.jpg,10,0.0149,-1.69,False,
outlet_ffb4b10a,7,image_0006.jpg,1,0.4395,2.257,False,
outlet_ffb4b10a,7,image_0001.jpg,2,0.3685,1.961,False,
outlet_ffb4b10a,7,image_0007.jpg,3,0.1374,0.663,False,
outlet_ffb4b10a,7,image_0002.jpg,4,0.0759,0.0,False,
outlet_ffb4b10a,7,image_0003.jpg,5,0.0477,-0.494,False,
outlet_ffb4b10a,7,image_0005.jpg,6,0.0401,-0.674,False,
outlet_ffb4b10a,7,image_0004.jpg,7,0.0378,-0.738,False,
